date,time,ph,temperature,turbidity,dissolved_oxygen,tds,conductivity,water_quality
2026-07-19,11:44:10,7.12,25.8,2.7,6.98,149.7,237.8,GOOD
2026-07-19,12:35:06,7.21,20.8,4.69,7.9,186.2,281.0,GOOD
2026-07-19,13:27:15,7.66,25.8,4.11,6.77,197.8,304.6,GOOD
2026-07-19,14:33:39,7.43,23.6,3.02,7.63,202.1,287.2,GOOD
2026-07-19,15:23:40,7.51,22.4,2.26,7.48,239.1,390.7,GOOD
2026-07-19,16:04:38,10.26,29.5,42.97,3.36,1357.6,2325.6,POOR
2026-07-19,17:06:23,5.41,33.5,38.11,1.28,895.6,1841.5,POOR
2026-07-19,17:57:01,7.73,24.5,1.59,6.91,261.9,434.4,GOOD
2026-07-19,18:47:00,7.03,26.2,3.61,7.73,247.0,381.7,GOOD
2026-07-19,19:49:07,9.7,29.4,35.45,1.66,1382.9,3008.8,POOR
2026-07-19,20:45:42,7.07,23.6,3.15,8.07,136.2,211.6,GOOD
2026-07-19,21:45:16,7.31,25.0,4.24,7.78,142.5,232.0,GOOD
2026-07-19,22:35:49,7.65,22.6,2.49,8.08,142.7,244.7,GOOD
2026-07-19,23:14:32,9.89,30.0,63.67,1.91,997.4,1944.6,POOR
2026-07-20,00:06:32,5.89,34.5,50.15,1.59,967.1,1779.9,POOR
2026-07-20,01:08:00,7.59,24.9,4.15,8.29,135.2,224.2,GOOD
2026-07-20,02:06:56,7.46,24.2,4.15,7.1,151.7,247.6,GOOD
2026-07-20,03:07:23,6.25,29.2,11.54,4.52,452.6,717.6,MODERATE
2026-07-20,03:41:49,10.49,29.4,63.55,2.28,1435.9,2906.3,POOR
2026-07-20,04:35:36,7.82,26.8,1.91,7.98,262.2,400.6,GOOD
2026-07-20,05:40:35,5.69,28.4,28.35,3.59,942.1,1817.9,POOR
2026-07-20,06:27:16,8.08,24.0,4.11,7.3,186.6,265.6,GOOD
2026-07-20,07:32:27,8.0,23.4,2.61,6.88,132.7,236.1,GOOD
2026-07-20,08:18:33,8.68,26.2,12.2,4.73,335.2,546.4,MODERATE
2026-07-20,09:06:43,7.91,25.6,2.64,7.6,121.7,214.1,GOOD
2026-07-20,10:21:07,9.68,28.5,15.88,2.27,759.4,1533.4,POOR
2026-07-20,11:15:31,7.52,23.8,1.27,6.99,181.1,314.3,GOOD
2026-07-20,12:06:04,8.04,26.5,2.28,7.16,232.8,406.1,GOOD
2026-07-20,13:03:26,8.03,23.6,3.4,8.45,279.3,432.5,GOOD
2026-07-20,13:39:56,5.47,32.6,31.54,3.21,932.1,1909.4,POOR
2026-07-20,14:50:18,7.02,25.0,2.5,7.3,249.8,447.4,GOOD
2026-07-20,15:40:05,7.98,24.9,1.66,8.1,268.2,419.4,GOOD
2026-07-20,16:18:39,7.32,21.7,2.83,7.05,156.8,244.7,GOOD
2026-07-20,17:18:23,6.23,28.2,13.04,6.0,408.5,655.1,MODERATE
2026-07-20,18:09:36,7.05,22.4,2.77,8.37,127.0,182.3,GOOD
2026-07-20,19:06:03,6.19,27.4,5.94,5.21,481.0,895.0,MODERATE
2026-07-20,20:04:08,6.97,26.6,4.58,7.52,139.8,213.5,GOOD
2026-07-20,20:51:42,8.45,25.1,9.09,5.46,428.1,666.5,MODERATE
2026-07-20,21:45:26,7.45,26.7,1.93,8.38,237.7,360.7,GOOD
2026-07-20,22:36:40,7.54,25.9,4.72,7.5,159.9,238.0,GOOD
2026-07-20,23:46:06,8.41,30.0,8.92,5.01,482.1,867.6,MODERATE
2026-07-21,00:41:54,6.92,26.4,1.99,7.81,265.7,461.1,GOOD
2026-07-21,01:21:53,7.27,22.1,3.11,6.78,229.8,383.3,GOOD
2026-07-21,02:11:31,7.37,24.1,1.32,7.53,157.4,275.0,GOOD
2026-07-21,03:21:21,7.66,24.8,3.54,8.18,163.2,275.4,GOOD
2026-07-21,04:10:06,7.16,27.2,4.67,7.66,204.4,361.9,GOOD
2026-07-21,05:13:08,7.3,26.2,1.22,7.47,215.8,331.9,GOOD
2026-07-21,05:54:58,7.72,24.5,4.01,6.88,139.0,195.7,GOOD
2026-07-21,06:52:22,7.69,26.8,2.73,6.98,127.7,184.7,GOOD
2026-07-21,07:38:02,5.03,34.9,58.88,3.17,648.5,1207.0,POOR
2026-07-21,08:28:46,7.68,21.8,1.5,8.39,227.8,342.8,GOOD
2026-07-21,09:37:04,7.47,23.7,3.46,8.3,276.7,446.2,GOOD
2026-07-21,10:37:33,9.48,28.0,46.42,1.8,1224.3,2088.2,POOR
2026-07-21,11:23:06,6.26,25.0,7.21,4.71,516.6,830.5,MODERATE
2026-07-21,12:19:03,7.37,27.1,4.54,7.59,178.0,308.7,GOOD
2026-07-21,13:08:45,6.23,29.4,9.76,5.85,522.6,826.9,MODERATE
2026-07-21,14:06:24,6.96,23.0,2.24,8.33,185.1,330.0,GOOD
2026-07-21,15:04:46,6.35,29.6,14.28,4.36,504.4,954.1,MODERATE
2026-07-21,15:42:51,6.81,24.3,4.06,6.79,198.8,305.7,GOOD
2026-07-21,16:37:40,7.07,23.8,4.01,7.92,230.4,385.0,GOOD
2026-07-21,17:30:04,8.77,29.3,10.91,4.94,459.2,704.4,MODERATE
2026-07-21,18:27:18,7.69,22.3,3.11,7.69,116.2,165.9,GOOD
2026-07-21,19:24:35,7.42,24.0,3.89,7.84,199.4,310.8,GOOD
2026-07-21,20:12:21,7.13,21.5,3.58,8.36,229.4,387.1,GOOD
2026-07-21,21:22:38,7.17,21.9,2.4,7.5,252.4,398.7,GOOD
2026-07-21,22:15:02,6.88,22.9,3.15,7.37,211.8,341.8,GOOD
2026-07-21,23:11:20,6.84,23.4,4.56,8.22,273.6,476.4,GOOD
2026-07-21,23:53:27,7.76,21.7,2.88,6.86,119.9,200.4,GOOD
2026-07-22,00:54:53,7.21,25.8,2.32,8.09,230.2,356.1,GOOD
2026-07-22,01:39:36,7.46,26.0,3.7,7.15,113.2,174.3,GOOD
2026-07-22,02:42:08,9.47,30.3,59.02,3.58,1387.6,2842.8,POOR
2026-07-22,03:30:00,5.01,28.9,47.35,2.63,1411.3,2809.7,POOR
2026-07-22,04:33:28,7.42,22.7,3.74,8.53,137.7,224.9,GOOD
2026-07-22,05:27:33,7.74,21.5,3.31,7.05,176.8,294.6,GOOD
2026-07-22,06:17:28,4.51,30.3,38.07,3.63,1156.3,2190.8,POOR
2026-07-22,07:02:02,6.27,25.6,11.62,5.07,442.2,672.7,MODERATE
2026-07-22,08:06:55,7.36,23.3,3.7,7.08,277.6,449.6,GOOD
2026-07-22,08:52:59,5.08,28.2,56.75,2.95,1114.4,2301.9,POOR
2026-07-22,09:43:46,8.78,26.2,9.42,4.41,492.5,851.8,MODERATE
2026-07-22,10:42:52,6.13,29.4,6.61,5.76,520.0,918.2,MODERATE
2026-07-22,11:38:45,8.7,24.0,11.98,5.95,355.0,629.5,MODERATE
2026-07-22,12:41:10,5.36,34.5,24.17,1.74,1417.9,2789.0,POOR
2026-07-22,13:18:15,7.28,22.6,4.61,7.86,203.8,361.5,GOOD
2026-07-22,14:30:04,8.74,29.4,9.66,4.48,562.1,1037.7,MODERATE
2026-07-22,15:13:19,6.22,27.2,10.32,5.97,564.4,1053.1,MODERATE
2026-07-22,16:09:54,7.41,24.3,4.49,8.47,225.4,353.2,GOOD
2026-07-22,16:59:24,7.1,20.4,2.87,8.05,183.0,262.9,GOOD
2026-07-22,17:52:10,7.38,23.8,1.3,8.26,197.8,304.2,GOOD
2026-07-22,18:53:27,7.87,23.3,3.2,7.24,249.3,369.4,GOOD
2026-07-22,19:46:55,7.75,25.2,1.76,6.61,203.6,287.6,GOOD
2026-07-22,20:32:28,7.93,19.5,2.66,8.37,275.5,483.5,GOOD
2026-07-22,21:43:00,7.75,22.2,3.47,7.85,154.1,229.7,GOOD
2026-07-22,22:31:51,7.2,21.3,2.67,7.44,222.1,385.3,GOOD
2026-07-22,23:15:35,6.24,29.4,7.2,4.98,410.8,715.8,MODERATE
2026-07-23,00:18:45,7.39,22.1,1.7,7.58,136.2,200.3,GOOD
2026-07-23,01:18:20,6.4,30.7,9.68,4.97,422.2,646.9,MODERATE
2026-07-23,02:11:10,6.23,26.3,9.75,5.94,551.2,1031.3,MODERATE
2026-07-23,03:00:05,7.9,20.7,2.59,8.4,261.4,383.4,GOOD
2026-07-23,03:44:40,9.28,34.7,42.03,1.33,1324.6,2555.9,POOR
2026-07-23,04:37:45,7.25,21.0,2.9,6.98,189.8,266.3,GOOD
2026-07-23,05:49:56,7.45,19.2,1.97,7.98,170.6,293.2,GOOD
2026-07-23,06:21:49,7.15,19.6,2.68,8.49,119.3,173.0,GOOD
2026-07-23,07:26:44,7.57,21.6,3.05,8.61,196.9,305.6,GOOD
2026-07-23,08:22:18,9.18,28.9,22.39,1.25,746.8,1592.7,POOR
2026-07-23,09:07:04,7.54,21.5,1.88,6.86,184.4,278.8,GOOD
2026-07-23,10:11:01,7.51,23.3,2.76,6.92,116.9,176.8,GOOD
2026-07-23,11:02:21,9.46,30.2,47.69,2.11,862.5,1843.1,POOR
2026-07-23,11:49:41,7.09,22.6,1.67,7.08,164.5,261.4,GOOD
2026-07-23,12:41:25,7.93,19.4,4.79,8.0,259.6,427.7,GOOD
2026-07-23,13:51:18,6.33,25.3,14.21,5.52,428.4,749.4,MODERATE
2026-07-23,14:31:11,6.39,28.3,7.27,4.64,474.9,789.8,MODERATE
2026-07-23,15:43:30,10.23,30.4,16.41,2.4,1352.0,2458.5,POOR
2026-07-23,16:33:12,7.14,20.4,3.12,8.41,136.6,192.4,GOOD
2026-07-23,17:29:08,7.8,23.3,1.96,7.3,112.4,175.5,GOOD
2026-07-23,18:22:02,7.29,21.8,2.77,7.93,273.5,434.9,GOOD
2026-07-23,19:05:09,7.79,23.8,1.8,7.93,135.9,193.2,GOOD
2026-07-23,20:05:20,8.64,29.2,13.34,5.37,486.7,876.7,MODERATE
2026-07-23,20:47:32,6.33,25.9,8.22,6.03,443.0,776.0,MODERATE
2026-07-23,21:44:40,7.47,21.4,2.83,7.6,117.0,206.2,GOOD
2026-07-23,22:35:49,6.98,20.9,4.44,7.87,263.1,406.4,GOOD
2026-07-23,23:49:56,7.55,23.0,3.3,8.22,246.5,438.1,GOOD
2026-07-24,00:44:17,8.62,24.5,8.23,4.42,552.8,882.0,MODERATE
2026-07-24,01:21:54,7.21,21.3,3.97,7.72,180.9,282.0,GOOD
2026-07-24,02:13:05,6.96,20.9,1.37,7.39,256.4,448.9,GOOD
2026-07-24,03:20:35,6.95,23.4,3.43,8.19,231.5,328.2,GOOD
2026-07-24,04:15:17,7.07,21.2,3.84,8.55,235.1,333.0,GOOD
2026-07-24,04:59:30,8.65,26.2,10.31,5.01,575.8,997.8,MODERATE
2026-07-24,05:55:27,9.86,33.4,33.25,1.9,992.0,1794.1,POOR
2026-07-24,06:50:03,6.92,23.6,3.02,7.02,230.9,353.6,GOOD
2026-07-24,07:56:47,7.24,20.1,4.13,7.56,168.3,279.5,GOOD
2026-07-24,08:36:44,6.16,27.1,13.87,6.01,388.6,646.0,MODERATE
2026-07-24,09:42:05,6.96,20.5,2.68,7.87,165.3,297.5,GOOD
2026-07-24,10:34:33,7.53,20.8,3.53,6.92,217.4,309.4,GOOD
2026-07-24,11:19:21,6.23,25.8,9.52,5.22,535.8,815.4,MODERATE
2026-07-24,12:07:54,6.11,28.0,7.82,4.42,430.3,727.2,MODERATE
2026-07-24,13:08:54,7.45,21.6,4.75,7.63,188.0,272.3,GOOD
2026-07-24,13:57:06,8.48,29.8,8.61,5.35,485.7,736.0,MODERATE
2026-07-24,14:48:18,7.35,24.9,3.94,6.57,223.7,383.3,GOOD
2026-07-24,15:46:23,8.43,24.6,8.47,4.98,475.3,799.2,MODERATE
2026-07-24,16:47:03,4.69,32.2,61.31,2.34,891.8,1631.5,POOR
2026-07-24,17:38:12,6.91,23.2,1.34,8.61,176.0,287.5,GOOD
2026-07-24,18:44:59,9.32,30.4,28.21,1.58,1318.1,2676.9,POOR
2026-07-24,19:35:09,7.46,20.1,3.73,6.84,185.6,264.5,GOOD
2026-07-24,20:25:35,6.95,25.4,4.54,8.53,221.6,349.9,GOOD
2026-07-24,21:22:13,7.36,24.0,4.7,8.37,271.3,386.2,GOOD
2026-07-24,22:19:03,9.72,30.8,41.09,2.55,839.6,1472.3,POOR
2026-07-24,23:11:09,7.67,25.2,4.45,7.48,207.4,355.4,GOOD
2026-07-25,00:02:22,7.72,22.6,1.51,8.19,247.7,358.4,GOOD
2026-07-25,00:50:20,6.88,24.9,4.63,8.33,244.4,422.9,GOOD
2026-07-25,01:41:51,7.86,25.1,1.51,8.05,191.0,284.2,GOOD
2026-07-25,02:28:19,5.25,34.7,33.38,2.77,795.9,1662.5,POOR
2026-07-25,03:40:26,7.0,23.2,3.44,6.98,223.7,389.6,GOOD
2026-07-25,04:29:28,8.64,25.8,13.58,5.46,362.4,588.7,MODERATE
2026-07-25,05:29:51,7.75,24.9,1.54,8.43,277.5,424.3,GOOD
2026-07-25,06:25:02,7.24,25.2,3.13,7.64,147.3,223.0,GOOD
2026-07-25,07:13:38,7.73,25.1,3.66,7.47,111.0,193.7,GOOD
2026-07-25,07:55:18,7.89,22.4,2.81,8.53,130.1,212.8,GOOD
2026-07-25,08:57:18,7.19,24.0,4.21,7.54,238.1,362.4,GOOD
2026-07-25,09:51:09,7.98,24.8,3.04,7.86,161.2,264.5,GOOD
2026-07-25,10:39:24,8.02,26.4,3.4,8.15,139.3,203.4,GOOD
2026-07-25,11:33:10,7.15,22.1,4.2,7.96,183.6,263.6,GOOD
2026-07-25,12:23:22,8.65,27.4,8.75,5.59,430.0,739.8,MODERATE
2026-07-25,13:24:04,7.97,21.6,4.51,7.84,128.5,223.0,GOOD
2026-07-25,14:20:38,7.87,23.7,2.89,7.6,118.5,171.0,GOOD
2026-07-25,15:06:47,7.42,21.9,3.39,7.09,278.0,409.7,GOOD
2026-07-25,16:19:44,6.23,28.7,5.73,5.88,471.0,822.7,MODERATE
2026-07-25,16:53:25,7.15,26.6,3.77,7.42,158.8,276.2,GOOD
2026-07-25,18:03:39,7.83,22.8,3.35,6.77,160.8,273.9,GOOD
2026-07-25,18:47:04,8.78,28.7,9.24,5.59,399.4,652.1,MODERATE
2026-07-25,19:44:15,7.19,22.9,3.25,6.91,223.3,376.2,GOOD
2026-07-25,20:39:32,7.39,26.6,2.44,6.77,134.3,191.0,GOOD
2026-07-25,21:43:12,6.29,24.5,10.11,4.41,563.6,869.0,MODERATE
2026-07-25,22:19:22,8.07,22.9,3.77,7.63,227.7,331.4,GOOD
2026-07-25,23:14:33,7.44,25.2,1.26,7.09,261.5,376.2,GOOD
2026-07-26,00:22:19,6.14,24.6,5.68,4.92,400.1,623.4,MODERATE
2026-07-26,00:57:54,7.36,21.8,1.64,8.48,217.7,342.9,GOOD
2026-07-26,02:12:33,7.88,27.1,3.92,6.89,277.2,422.2,GOOD
2026-07-26,03:02:34,7.65,25.3,4.46,6.77,257.2,441.8,GOOD
2026-07-26,03:47:16,7.18,25.1,3.31,7.89,132.7,187.2,GOOD
2026-07-26,04:43:43,7.44,26.3,3.97,7.08,244.0,391.8,GOOD
2026-07-26,05:48:13,10.19,30.8,56.85,1.5,1260.7,2352.7,POOR
2026-07-26,06:28:53,6.13,25.6,11.95,6.07,353.0,624.3,MODERATE
2026-07-26,07:30:22,7.67,26.7,4.75,7.98,160.3,255.9,GOOD
2026-07-26,08:31:55,5.08,29.2,24.07,3.44,1299.7,2388.5,POOR
2026-07-26,09:07:02,7.03,23.7,3.12,8.35,148.9,249.2,GOOD
2026-07-26,10:09:15,7.53,23.2,3.51,7.79,215.3,386.9,GOOD
2026-07-26,11:08:01,7.19,25.6,4.8,7.12,129.2,194.1,GOOD
2026-07-26,11:46:35,6.21,25.6,7.68,4.69,346.9,626.3,MODERATE
2026-07-26,12:47:15,7.44,24.7,1.83,8.31,188.0,301.6,GOOD
2026-07-26,13:40:07,5.6,31.8,62.53,2.48,1249.2,2545.4,POOR
2026-07-26,14:44:54,7.46,25.5,2.12,7.64,232.0,366.7,GOOD
2026-07-26,15:43:07,6.87,22.9,1.22,7.73,225.5,349.2,GOOD
2026-07-26,16:33:42,7.29,24.9,2.05,6.87,129.0,219.0,GOOD
2026-07-26,17:28:15,7.11,25.6,2.48,6.89,243.6,420.7,GOOD
2026-07-26,18:10:46,7.51,26.2,3.7,8.26,255.5,439.9,GOOD
2026-07-26,19:21:18,9.64,29.0,40.6,1.99,811.5,1628.6,POOR
2026-07-26,20:02:54,7.55,26.7,1.63,6.55,157.9,260.9,GOOD
2026-07-26,20:46:52,7.22,26.2,4.58,8.3,113.0,172.4,GOOD
2026-07-26,22:00:39,7.36,26.8,1.67,8.45,147.0,245.3,GOOD
2026-07-26,22:41:13,7.63,22.3,3.17,8.01,211.0,315.8,GOOD
2026-07-26,23:31:39,6.39,28.8,13.53,4.49,475.2,830.0,MODERATE
2026-07-27,00:42:52,6.85,24.5,4.11,7.88,193.5,279.3,GOOD
2026-07-27,01:36:01,7.24,26.2,3.5,7.41,206.0,363.3,GOOD
2026-07-27,02:28:13,8.74,27.8,9.85,5.99,537.1,871.3,MODERATE
2026-07-27,03:20:48,7.23,21.3,1.58,6.92,136.9,191.8,GOOD
2026-07-27,04:19:06,6.85,26.7,3.14,7.59,259.0,405.1,GOOD
2026-07-27,04:52:15,6.99,26.7,1.74,7.49,198.4,305.8,GOOD
2026-07-27,05:53:48,7.43,25.9,2.98,7.57,193.3,309.1,GOOD
2026-07-27,06:53:01,4.92,32.9,43.13,2.08,755.8,1340.8,POOR
2026-07-27,07:41:11,6.95,23.9,4.29,6.78,231.5,372.4,GOOD
2026-07-27,08:43:48,8.82,30.5,6.57,4.5,563.2,1027.6,MODERATE
2026-07-27,09:31:13,6.99,26.0,1.84,7.69,153.2,258.7,GOOD
2026-07-27,10:19:22,7.09,21.9,3.23,7.01,242.5,433.9,GOOD
2026-07-27,11:26:00,7.64,21.5,3.83,7.24,253.6,382.9,GOOD
2026-07-27,12:04:57,7.68,22.5,1.28,7.2,146.6,215.3,GOOD
2026-07-27,13:07:10,6.14,29.5,12.03,5.95,575.5,1053.0,MODERATE
2026-07-27,14:07:18,6.3,30.6,10.98,4.26,542.5,874.0,MODERATE
2026-07-27,15:01:34,7.42,23.3,4.55,7.59,150.9,262.0,GOOD
2026-07-27,15:42:45,6.78,24.7,3.97,6.82,110.3,197.0,GOOD
2026-07-27,16:45:04,9.86,31.9,56.75,1.55,1019.9,2010.3,POOR
2026-07-27,17:31:40,8.7,30.3,10.06,5.25,399.3,664.6,MODERATE
2026-07-27,18:31:10,10.42,34.5,38.57,3.58,1069.2,2211.8,POOR
2026-07-27,19:35:59,7.51,23.4,1.74,6.91,216.4,317.2,GOOD
2026-07-27,20:29:10,7.63,22.2,2.64,6.69,167.9,284.8,GOOD
2026-07-27,21:22:08,7.32,24.6,3.95,6.86,272.3,458.7,GOOD
2026-07-27,22:06:08,6.22,24.1,11.39,5.03,375.2,582.3,MODERATE
2026-07-27,22:52:57,7.79,24.7,2.97,7.37,231.1,329.9,GOOD
2026-07-27,23:56:43,5.02,33.3,45.22,3.54,1411.5,2892.5,POOR
2026-07-28,01:02:16,6.32,24.7,9.04,4.26,327.1,503.2,MODERATE
2026-07-28,01:44:37,7.59,24.5,1.61,7.24,137.0,239.6,GOOD
2026-07-28,02:40:51,6.39,27.8,7.47,4.34,538.5,944.3,MODERATE
2026-07-28,03:32:15,7.68,20.6,2.09,7.2,128.4,191.4,GOOD
2026-07-28,04:26:13,7.78,23.5,3.75,7.16,250.4,371.8,GOOD
2026-07-28,05:29:15,8.54,30.7,11.39,4.93,535.7,862.5,MODERATE
2026-07-28,06:09:01,8.44,30.7,9.67,5.29,529.0,831.2,MODERATE
2026-07-28,06:58:30,7.46,23.7,2.76,7.53,270.1,479.3,GOOD
2026-07-28,07:56:23,7.59,24.6,4.07,8.37,137.1,217.8,GOOD
2026-07-28,09:09:05,7.72,24.1,2.0,7.24,167.9,266.7,GOOD
2026-07-28,09:56:43,6.27,24.3,7.61,5.12,472.5,748.2,MODERATE
2026-07-28,10:37:50,7.14,20.8,3.45,8.03,141.0,245.2,GOOD
2026-07-28,11:50:17,7.58,23.0,3.33,7.34,268.2,448.3,GOOD
2026-07-28,12:24:21,5.11,28.3,16.26,1.45,649.4,1273.1,POOR
2026-07-28,13:31:28,7.77,23.5,3.56,8.29,213.3,315.6,GOOD
2026-07-28,14:24:16,6.14,25.5,12.68,5.54,399.3,677.9,MODERATE
2026-07-28,15:20:27,6.18,29.9,14.27,4.31,445.4,705.5,MODERATE
2026-07-28,16:16:10,6.11,27.5,9.46,6.1,347.6,632.4,MODERATE
2026-07-28,17:07:44,8.74,29.0,10.26,5.14,492.7,809.2,MODERATE
2026-07-28,18:02:17,7.23,22.0,4.31,6.87,114.7,201.9,GOOD
2026-07-28,18:42:07,7.14,21.8,3.66,7.77,153.5,246.0,GOOD
2026-07-28,19:49:16,10.31,29.6,59.72,1.75,1213.8,2405.8,POOR
2026-07-28,20:33:06,7.98,22.6,4.03,6.79,212.5,379.8,GOOD
2026-07-28,21:41:12,7.37,20.7,3.61,7.15,161.2,264.8,GOOD
2026-07-28,22:34:15,7.34,21.9,2.92,6.93,134.9,200.6,GOOD
2026-07-28,23:33:43,8.52,24.0,14.06,6.16,478.3,722.1,MODERATE
2026-07-29,00:25:30,8.82,24.0,14.16,6.19,332.3,579.2,MODERATE
2026-07-29,01:21:38,7.8,20.7,2.52,8.17,208.2,369.9,GOOD
2026-07-29,02:14:40,5.4,29.9,20.81,3.45,829.5,1590.4,POOR
2026-07-29,02:47:42,7.43,23.4,1.77,7.36,114.9,198.4,GOOD
2026-07-29,03:53:58,7.66,22.3,3.72,7.85,253.9,442.8,GOOD
2026-07-29,04:40:17,7.75,21.2,4.21,7.29,248.0,432.6,GOOD
2026-07-29,05:49:49,9.23,35.0,59.53,3.55,754.3,1496.3,POOR
2026-07-29,06:22:01,7.29,21.7,4.77,8.29,238.0,344.5,GOOD
2026-07-29,07:24:58,4.85,31.1,26.69,1.28,1098.5,2225.6,POOR
2026-07-29,08:10:04,7.13,23.8,2.5,7.72,276.8,443.0,GOOD
2026-07-29,09:18:28,6.9,22.2,1.52,8.4,233.2,400.8,GOOD
2026-07-29,10:06:29,7.33,22.4,4.6,8.25,114.3,191.6,GOOD
2026-07-29,11:07:42,7.07,21.5,4.21,7.53,225.8,332.8,GOOD
2026-07-29,12:04:40,8.61,29.6,7.89,5.59,428.4,731.7,MODERATE
2026-07-29,12:56:51,6.35,29.3,7.2,4.64,348.4,543.1,MODERATE
2026-07-29,13:45:59,7.81,19.2,1.36,7.68,140.6,200.2,GOOD
2026-07-29,14:39:01,6.36,27.5,10.61,5.53,349.0,627.4,MODERATE
2026-07-29,15:22:20,6.16,28.6,11.68,4.42,417.7,645.3,MODERATE
2026-07-29,16:30:00,6.12,28.0,14.03,4.98,468.8,704.6,MODERATE
2026-07-29,17:28:17,8.64,24.4,6.75,4.55,362.1,642.9,MODERATE
2026-07-29,18:07:57,6.83,23.1,4.18,8.43,232.3,344.4,GOOD
2026-07-29,19:15:09,9.88,33.6,31.31,2.11,1195.4,2394.8,POOR
2026-07-29,19:56:28,7.05,21.1,3.4,7.87,176.7,269.0,GOOD
2026-07-29,20:48:41,6.87,21.3,4.44,8.03,166.7,293.3,GOOD
2026-07-29,21:46:33,7.1,19.8,3.99,7.85,131.1,187.2,GOOD
2026-07-29,22:34:12,10.48,32.9,39.65,3.39,939.8,1615.8,POOR
2026-07-29,23:40:50,4.68,34.2,30.47,3.02,1429.6,3018.3,POOR
2026-07-30,00:36:10,5.74,33.1,57.27,1.61,1204.6,2332.3,POOR
2026-07-30,01:25:05,7.48,23.5,4.3,8.48,203.1,361.6,GOOD
2026-07-30,02:25:04,6.88,19.1,2.34,7.76,156.1,277.0,GOOD
2026-07-30,03:17:38,7.44,19.6,4.49,6.87,113.4,193.6,GOOD
2026-07-30,04:16:06,6.73,19.5,4.25,7.42,174.8,244.9,GOOD
2026-07-30,04:55:04,9.9,28.1,23.81,1.25,1152.1,2066.8,POOR
2026-07-30,05:47:20,5.52,31.8,53.5,1.65,1368.9,2998.4,POOR
2026-07-30,06:48:25,10.12,34.1,35.35,2.01,855.5,1551.1,POOR
2026-07-30,07:40:08,6.85,20.3,2.75,7.1,248.8,427.7,GOOD
2026-07-30,08:49:31,5.76,28.7,30.88,3.03,708.6,1211.5,POOR
2026-07-30,09:41:47,7.53,23.2,2.04,6.85,178.6,307.1,GOOD
2026-07-30,10:38:04,6.12,27.6,12.03,5.37,544.0,994.8,MODERATE
2026-07-30,11:26:12,6.22,28.5,13.72,4.77,327.2,597.1,MODERATE
2026-07-30,12:21:27,7.54,22.3,4.57,6.94,267.4,393.0,GOOD
2026-07-30,13:09:29,7.14,20.2,3.53,7.62,216.9,332.7,GOOD
2026-07-30,14:05:40,6.37,28.7,9.93,4.22,430.1,713.6,MODERATE
2026-07-30,15:07:24,9.83,32.0,46.58,1.61,1318.7,2870.3,POOR
2026-07-30,16:01:55,7.51,25.7,4.29,7.75,165.0,239.5,GOOD
2026-07-30,16:50:38,6.97,23.1,3.18,8.06,174.0,281.3,GOOD
2026-07-30,17:40:36,7.64,25.0,1.91,7.85,263.1,414.2,GOOD
2026-07-30,18:23:23,7.03,20.1,2.74,7.32,110.9,178.7,GOOD
2026-07-30,19:25:44,7.02,25.3,2.14,7.71,221.0,352.0,GOOD
2026-07-30,20:12:42,9.75,33.8,17.07,1.75,643.4,1270.3,POOR
2026-07-30,21:14:43,7.17,20.4,1.6,7.91,111.4,180.9,GOOD
2026-07-30,22:11:44,7.04,24.5,1.94,7.86,128.0,180.2,GOOD
2026-07-30,22:54:47,6.2,25.7,6.16,5.6,357.9,606.1,MODERATE
2026-07-30,23:59:02,7.34,23.7,3.59,7.07,126.1,201.5,GOOD
2026-07-31,00:51:46,7.89,20.9,2.46,7.76,215.8,331.4,GOOD
2026-07-31,01:38:37,5.05,30.6,47.34,2.58,1270.0,2673.4,POOR
2026-07-31,02:42:15,8.71,29.3,6.34,4.25,410.8,671.6,MODERATE
2026-07-31,03:26:19,8.54,24.2,10.36,4.66,367.4,671.1,MODERATE
2026-07-31,04:19:55,10.39,33.3,41.21,2.71,991.2,2121.8,POOR
2026-07-31,05:27:53,7.09,21.2,3.86,6.75,113.9,192.9,GOOD
2026-07-31,06:04:38,8.45,30.0,6.94,4.48,510.2,934.0,MODERATE
2026-07-31,07:20:44,7.62,25.4,3.52,8.4,183.5,311.0,GOOD
2026-07-31,08:04:23,6.32,30.2,9.75,5.57,347.2,587.2,MODERATE
2026-07-31,09:05:57,7.28,26.4,2.46,7.07,230.3,410.2,GOOD
2026-07-31,09:58:17,4.68,32.5,56.15,3.24,1307.9,2349.4,POOR
2026-07-31,10:45:18,10.49,34.7,61.31,2.33,1245.5,2117.6,POOR
2026-07-31,11:33:37,8.77,27.2,9.72,4.25,512.4,822.0,MODERATE
2026-07-31,12:31:12,7.76,23.0,4.18,7.24,230.1,367.1,GOOD
2026-07-31,13:25:57,7.62,24.0,4.33,7.75,152.4,255.4,GOOD
2026-07-31,14:33:34,7.17,23.3,3.29,7.54,232.5,331.5,GOOD
2026-07-31,15:09:14,7.24,24.8,2.39,7.87,116.4,163.8,GOOD
2026-07-31,16:14:00,7.32,26.8,2.39,7.2,195.8,344.0,GOOD
2026-07-31,16:59:30,7.23,21.5,1.61,6.88,150.9,271.6,GOOD
2026-07-31,17:48:24,6.4,26.2,8.73,5.2,478.9,893.6,MODERATE
2026-07-31,18:54:21,6.17,29.3,12.97,4.49,541.7,937.3,MODERATE
2026-07-31,19:37:39,8.04,24.9,3.99,8.35,177.5,264.3,GOOD
2026-07-31,20:45:50,7.33,24.8,4.42,7.58,232.9,341.1,GOOD
2026-07-31,21:21:49,5.48,30.9,40.61,1.86,1221.5,2253.7,POOR
2026-07-31,22:25:55,8.55,28.6,6.5,4.65,563.6,978.3,MODERATE
2026-07-31,23:12:47,9.46,29.9,20.54,1.53,1261.4,2268.4,POOR
2026-08-01,00:05:27,7.08,26.6,3.26,7.26,137.6,241.1,GOOD
2026-08-01,01:10:07,6.17,29.1,13.28,5.04,547.0,937.9,MODERATE
2026-08-01,01:56:40,7.19,22.9,2.46,7.07,219.6,386.3,GOOD
2026-08-01,02:47:23,6.99,24.7,2.25,7.87,129.4,195.7,GOOD
2026-08-01,03:55:15,7.78,21.7,2.43,7.66,187.1,285.4,GOOD
2026-08-01,04:56:19,8.64,24.4,13.05,6.0,327.2,559.5,MODERATE
2026-08-01,05:41:15,7.65,22.6,2.55,8.2,185.4,310.0,GOOD
2026-08-01,06:43:14,8.56,25.9,10.91,5.05,574.1,954.4,MODERATE
2026-08-01,07:18:32,6.2,30.9,11.65,4.81,443.6,702.6,MODERATE
2026-08-01,08:12:11,8.78,25.1,12.13,6.06,452.6,838.9,MODERATE
2026-08-01,09:07:17,7.64,26.6,3.91,7.52,240.9,342.8,GOOD
2026-08-01,10:12:13,5.05,34.4,55.19,1.22,1259.4,2669.6,POOR
2026-08-01,11:03:03,7.78,24.0,3.64,7.66,274.1,459.4,GOOD
2026-08-01,11:46:58,7.44,26.7,3.55,6.84,157.1,277.0,GOOD
2026-08-01,12:59:26,7.44,27.1,4.59,7.31,114.3,202.9,GOOD
2026-08-01,13:45:39,7.27,26.1,1.61,7.4,265.7,401.7,GOOD
2026-08-01,14:51:38,7.21,25.3,1.63,7.27,239.6,397.2,GOOD
2026-08-01,15:44:46,6.78,24.1,3.91,7.56,124.3,196.9,GOOD
2026-08-01,16:27:16,8.55,25.7,6.98,4.29,555.5,908.0,MODERATE
2026-08-01,17:31:13,6.83,21.6,1.48,6.93,216.7,332.8,GOOD
2026-08-01,18:04:42,7.29,25.4,3.69,6.85,270.1,402.4,GOOD
2026-08-01,18:59:55,7.27,23.1,1.97,6.79,228.0,390.2,GOOD
2026-08-01,20:04:16,6.13,25.1,11.32,4.64,412.8,626.3,MODERATE
2026-08-01,20:52:39,7.09,24.8,2.73,8.46,113.6,169.5,GOOD
2026-08-01,21:45:40,6.79,22.2,1.42,7.0,230.8,337.5,GOOD
2026-08-01,22:55:11,8.54,24.0,7.91,4.99,372.7,579.8,MODERATE
2026-08-01,23:47:00,7.67,22.2,4.79,8.43,126.7,220.8,GOOD
2026-08-02,00:24:28,7.09,22.0,3.96,7.78,139.0,211.6,GOOD
2026-08-02,01:31:00,7.65,24.6,2.88,7.86,211.1,378.3,GOOD
2026-08-02,02:24:14,6.88,22.1,2.36,8.04,110.3,190.2,GOOD
2026-08-02,03:05:14,6.82,24.6,4.21,7.2,159.3,259.0,GOOD
2026-08-02,04:15:43,7.07,23.3,4.5,7.97,261.6,458.4,GOOD
2026-08-02,05:09:38,8.76,25.3,14.28,6.06,486.4,819.7,MODERATE
2026-08-02,05:48:35,9.71,34.0,44.02,3.79,1286.7,2344.9,POOR
2026-08-02,06:51:18,7.27,26.3,3.58,8.44,141.9,227.7,GOOD
2026-08-02,07:34:54,7.3,22.5,3.52,8.59,122.9,207.7,GOOD
2026-08-02,08:44:51,6.86,24.2,3.61,8.39,166.9,240.1,GOOD
2026-08-02,09:35:54,6.91,25.0,3.31,8.07,161.2,244.8,GOOD
2026-08-02,10:30:55,10.06,30.7,19.85,3.44,861.5,1713.9,POOR
2026-08-02,11:26:39,7.29,24.5,4.78,7.59,219.8,370.4,GOOD
2026-08-02,12:06:09,6.32,25.6,8.15,4.29,445.9,693.4,MODERATE
2026-08-02,13:03:40,7.44,22.3,2.28,7.93,134.2,206.0,GOOD
2026-08-02,14:01:30,6.92,22.4,2.69,7.17,231.8,352.8,GOOD
2026-08-02,15:08:28,7.8,25.4,2.49,7.36,243.8,392.9,GOOD
2026-08-02,15:49:59,7.29,23.3,3.91,7.56,126.0,201.6,GOOD
2026-08-02,16:39:28,7.85,22.5,1.2,6.78,229.1,388.0,GOOD
2026-08-02,17:49:58,7.65,24.2,3.24,7.67,126.8,202.5,GOOD
2026-08-02,18:22:23,7.23,21.4,2.7,8.33,139.9,204.6,GOOD
2026-08-02,19:23:00,10.16,31.2,24.39,3.72,768.8,1566.0,POOR
2026-08-02,20:10:11,8.88,28.2,11.19,5.21,327.7,503.1,MODERATE
2026-08-02,21:21:17,7.35,19.7,4.62,7.41,147.3,216.9,GOOD
2026-08-02,22:15:33,7.79,20.3,1.32,7.54,161.1,225.8,GOOD
2026-08-02,23:12:18,7.92,24.2,1.58,8.5,179.0,267.6,GOOD
2026-08-02,23:55:22,5.59,28.8,64.29,2.71,990.6,2064.8,POOR
2026-08-03,00:52:38,7.83,23.9,2.97,7.64,220.6,382.1,GOOD
2026-08-03,01:50:10,6.39,30.6,8.14,4.87,572.9,1007.6,MODERATE
2026-08-03,02:27:55,7.32,19.7,2.04,7.51,249.4,357.0,GOOD
2026-08-03,03:26:03,5.53,35.0,29.67,2.13,1344.4,2677.1,POOR
2026-08-03,04:33:07,7.67,23.4,3.67,7.17,118.0,189.2,GOOD
2026-08-03,05:15:31,7.9,21.6,2.28,8.33,215.5,306.4,GOOD
2026-08-03,06:25:51,7.37,20.7,3.16,6.94,264.5,412.0,GOOD
2026-08-03,07:04:54,6.25,30.5,7.25,5.89,527.9,921.2,MODERATE
2026-08-03,08:02:33,7.22,23.5,3.05,7.1,181.6,302.3,GOOD
2026-08-03,08:53:03,8.57,25.5,5.85,5.83,496.4,835.0,MODERATE
2026-08-03,09:48:08,5.62,31.2,32.77,3.53,860.6,1568.5,POOR
2026-08-03,10:38:36,8.76,28.9,8.51,4.72,465.1,855.7,MODERATE
2026-08-03,11:49:05,6.28,31.0,7.97,6.1,408.3,740.9,MODERATE
2026-08-03,12:43:45,7.58,19.8,1.3,7.02,130.4,183.2,GOOD
2026-08-03,13:23:36,7.48,20.2,3.48,8.37,276.0,455.2,GOOD
2026-08-03,14:32:32,9.29,29.3,49.56,2.43,652.2,1243.6,POOR
2026-08-03,15:13:33,6.28,24.2,9.54,4.87,410.7,729.7,MODERATE
2026-08-03,16:10:25,7.71,22.8,3.47,7.12,258.6,364.1,GOOD
2026-08-03,17:04:44,8.02,19.1,3.47,7.38,120.5,207.5,GOOD
2026-08-03,18:06:15,6.37,25.1,13.6,4.72,394.5,620.4,MODERATE
2026-08-03,18:45:53,7.58,24.4,1.36,7.95,154.5,227.3,GOOD
2026-08-03,19:44:30,7.26,23.4,3.24,8.27,175.2,268.4,GOOD
2026-08-03,20:36:25,8.8,28.9,11.94,5.24,552.7,847.4,MODERATE
2026-08-03,21:37:49,7.13,18.8,1.91,7.71,271.6,385.1,GOOD
2026-08-03,22:17:47,8.67,26.0,10.45,4.69,565.8,973.2,MODERATE
2026-08-03,23:19:35,7.93,23.3,3.69,7.52,146.9,218.6,GOOD
2026-08-04,00:12:10,8.63,30.6,12.81,5.26,473.5,768.5,MODERATE
2026-08-04,01:01:57,7.82,19.2,2.19,7.38,139.2,236.8,GOOD
2026-08-04,02:15:11,5.71,31.2,19.79,3.19,1233.8,2673.6,POOR
2026-08-04,02:50:58,7.42,21.6,3.82,8.21,196.2,324.6,GOOD
2026-08-04,04:02:16,7.73,23.2,2.88,6.81,256.5,392.3,GOOD
2026-08-04,04:39:14,7.0,23.5,3.12,7.3,219.5,350.6,GOOD
2026-08-04,05:42:32,10.12,30.4,53.16,3.43,1448.8,2775.9,POOR
2026-08-04,06:34:38,6.82,21.0,3.5,6.84,250.7,358.9,GOOD
2026-08-04,07:22:41,6.96,22.4,1.79,8.59,166.3,275.9,GOOD
2026-08-04,08:23:42,8.83,29.7,9.67,5.48,520.7,836.2,MODERATE
2026-08-04,09:23:44,9.55,28.2,31.63,2.18,1418.1,2869.3,POOR
2026-08-04,09:58:53,7.74,23.4,3.72,7.32,122.9,179.6,GOOD
2026-08-04,11:00:08,7.47,20.2,3.38,8.63,245.5,360.3,GOOD
2026-08-04,12:05:07,7.6,21.1,3.52,6.92,187.4,316.2,GOOD
2026-08-04,12:59:02,7.29,19.8,1.25,8.73,178.1,271.0,GOOD
2026-08-04,13:35:27,7.29,21.7,2.36,8.34,229.3,393.4,GOOD
2026-08-04,14:49:38,6.8,22.6,2.08,8.0,183.5,286.8,GOOD
2026-08-04,15:24:43,8.49,25.1,8.16,5.6,342.7,515.6,MODERATE
2026-08-04,16:32:29,7.53,23.3,1.61,7.1,277.5,474.8,GOOD
2026-08-04,17:20:23,4.58,30.2,53.88,1.78,790.2,1346.9,POOR
2026-08-04,18:06:09,7.36,23.4,1.76,8.18,130.3,216.6,GOOD
2026-08-04,19:20:13,6.72,24.1,2.92,7.05,226.6,389.7,GOOD
2026-08-04,20:04:59,7.52,23.6,2.73,6.76,125.4,184.8,GOOD
2026-08-04,21:01:31,8.55,28.9,5.95,5.35,348.3,613.6,MODERATE
2026-08-04,21:58:49,7.58,22.3,1.62,7.04,166.8,261.0,GOOD
2026-08-04,22:53:51,8.63,25.0,11.83,4.31,378.0,715.0,MODERATE
2026-08-04,23:34:18,6.28,25.0,6.54,5.52,430.5,812.0,MODERATE
2026-08-05,00:36:24,8.85,29.9,10.72,5.43,453.5,797.7,MODERATE
2026-08-05,01:34:07,8.66,26.0,10.54,5.2,496.5,787.4,MODERATE
2026-08-05,02:20:14,8.5,30.8,7.6,4.76,487.8,919.0,MODERATE
2026-08-05,03:25:22,7.23,21.6,1.55,7.17,241.2,377.4,GOOD
2026-08-05,04:21:26,7.41,24.5,4.64,6.61,164.8,276.8,GOOD
2026-08-05,05:07:33,6.27,26.5,8.3,5.19,421.9,696.4,MODERATE
2026-08-05,06:01:43,7.71,19.8,3.71,7.08,239.8,402.6,GOOD
2026-08-05,06:47:55,7.15,21.7,3.31,7.78,187.0,278.2,GOOD
2026-08-05,07:41:33,6.9,23.5,3.7,7.16,160.2,235.3,GOOD
2026-08-05,08:50:00,7.2,20.0,2.14,7.92,240.6,396.1,GOOD
2026-08-05,09:25:45,6.31,28.3,10.34,6.16,434.6,691.8,MODERATE
2026-08-05,10:35:18,6.27,24.1,5.8,6.06,417.6,641.4,MODERATE
2026-08-05,11:14:03,7.02,23.9,2.3,6.75,243.8,408.2,GOOD
2026-08-05,12:09:25,4.76,33.5,64.78,2.79,1119.0,1906.2,POOR
2026-08-05,13:08:31,7.74,20.3,3.56,6.95,263.6,391.7,GOOD
2026-08-05,13:53:53,9.54,30.0,46.6,2.0,1062.1,2149.6,POOR
2026-08-05,14:52:30,5.75,34.1,28.28,1.41,996.9,1815.8,POOR
2026-08-05,16:02:29,10.34,34.7,18.14,2.56,1416.2,2465.6,POOR
2026-08-05,16:47:28,7.31,23.3,4.35,7.03,112.3,172.1,GOOD
2026-08-05,17:41:40,7.95,25.6,4.28,8.12,217.8,330.4,GOOD
2026-08-05,18:29:22,7.81,24.0,2.29,6.97,159.3,284.3,GOOD
2026-08-05,19:25:57,7.98,25.4,3.04,7.97,202.2,341.5,GOOD
2026-08-05,20:19:53,7.26,26.6,1.98,8.21,174.0,290.9,GOOD
2026-08-05,21:16:00,7.26,24.2,4.17,8.0,197.8,341.7,GOOD
2026-08-05,22:21:29,7.12,25.9,3.73,8.06,179.1,269.2,GOOD
2026-08-05,22:59:35,6.11,29.3,12.21,5.01,390.3,621.5,MODERATE
2026-08-06,00:08:04,6.29,27.8,11.09,6.05,392.8,620.4,MODERATE
2026-08-06,00:47:51,7.22,24.6,3.86,7.93,228.1,338.9,GOOD
2026-08-06,01:51:29,9.68,34.8,21.0,2.62,923.3,1602.2,POOR
2026-08-06,02:44:22,4.62,33.4,19.61,1.62,1327.8,2384.1,POOR
2026-08-06,03:40:05,7.8,26.5,4.52,8.06,252.9,432.5,GOOD
2026-08-06,04:24:30,8.58,28.2,8.21,6.12,373.4,630.7,MODERATE
2026-08-06,05:25:00,8.88,29.8,12.04,4.39,486.3,878.6,MODERATE
2026-08-06,06:22:48,6.35,28.5,12.04,5.42,429.4,757.3,MODERATE
2026-08-06,07:15:53,9.49,32.7,17.08,2.24,700.4,1441.8,POOR
2026-08-06,08:14:38,7.5,22.1,3.55,8.47,196.3,291.7,GOOD
2026-08-06,09:02:56,7.53,23.7,1.65,7.02,243.2,346.0,GOOD
2026-08-06,09:59:08,7.28,22.7,3.65,8.15,162.5,266.9,GOOD
2026-08-06,10:53:36,7.82,21.3,3.95,6.78,183.4,289.8,GOOD
2026-08-06,11:44:50,10.42,29.5,16.55,3.08,620.1,1192.3,POOR
2026-08-06,12:39:05,7.83,22.4,1.62,8.02,277.4,400.6,GOOD
2026-08-06,13:19:46,5.62,34.8,64.31,2.71,1144.7,2396.7,POOR
2026-08-06,14:20:35,7.71,24.7,4.4,7.74,240.1,357.3,GOOD
2026-08-06,15:10:37,7.17,26.9,3.09,7.14,171.3,241.3,GOOD
2026-08-06,16:08:56,8.63,29.1,5.77,4.99,517.0,907.5,MODERATE
2026-08-06,17:00:48,7.21,26.4,2.21,6.57,253.9,409.9,GOOD
2026-08-06,17:53:55,9.71,31.8,15.76,2.1,1242.1,2279.2,POOR
2026-08-06,18:49:17,7.45,23.8,3.39,7.98,160.9,259.4,GOOD
2026-08-06,19:56:45,7.06,22.4,1.5,8.38,236.5,422.2,GOOD
2026-08-06,20:45:28,7.82,25.7,3.55,7.74,269.9,405.1,GOOD
2026-08-06,21:35:22,7.36,26.7,3.2,8.33,262.2,432.7,GOOD
2026-08-06,22:29:48,5.84,31.8,52.92,1.93,741.7,1441.2,POOR
2026-08-06,23:19:06,7.47,27.4,1.3,7.38,119.6,189.1,GOOD
2026-08-07,00:09:08,7.52,26.4,1.73,7.3,207.3,303.8,GOOD
2026-08-07,01:01:25,7.03,26.3,2.18,7.61,215.6,343.4,GOOD
2026-08-07,02:12:48,6.32,30.5,5.98,4.85,366.8,663.4,MODERATE
2026-08-07,02:54:01,7.39,21.6,2.2,7.4,165.9,292.2,GOOD
2026-08-07,03:52:07,7.16,26.4,4.78,7.13,158.9,255.0,GOOD
2026-08-07,04:44:50,7.2,21.6,2.69,8.02,112.2,171.0,GOOD
2026-08-07,05:38:07,7.29,23.5,3.14,6.77,204.6,325.5,GOOD
2026-08-07,06:34:16,6.81,21.5,3.84,6.8,165.5,234.1,GOOD
2026-08-07,07:17:46,7.68,24.3,3.77,6.96,239.8,386.5,GOOD
2026-08-07,08:11:22,10.44,29.7,25.79,2.41,1015.2,2021.4,POOR
2026-08-07,09:19:51,7.33,26.9,3.18,7.05,141.3,230.1,GOOD
2026-08-07,10:12:08,10.39,33.9,25.67,3.72,810.5,1698.7,POOR
2026-08-07,11:10:22,7.41,25.5,3.94,7.02,110.7,173.3,GOOD
2026-08-07,11:45:57,7.63,23.1,2.52,6.66,258.4,395.1,GOOD
2026-08-07,12:41:15,6.84,24.7,1.29,7.08,211.2,371.2,GOOD
2026-08-07,13:34:52,8.83,29.4,14.06,5.17,494.2,855.0,MODERATE
2026-08-07,14:48:30,6.22,25.6,9.99,5.67,423.9,713.0,MODERATE
2026-08-07,15:35:09,5.74,30.1,43.39,2.51,1115.1,1948.7,POOR
2026-08-07,16:31:58,6.9,24.1,1.99,7.27,167.5,266.7,GOOD
2026-08-07,17:22:41,7.32,25.1,2.81,6.8,147.0,238.1,GOOD
2026-08-07,18:18:45,6.13,29.4,14.12,4.76,515.1,869.7,MODERATE
2026-08-07,19:21:08,6.9,26.5,3.95,7.61,111.6,194.8,GOOD
2026-08-07,20:04:31,7.1,22.5,3.7,7.9,237.5,384.2,GOOD
2026-08-07,20:59:55,7.35,26.6,4.78,7.55,211.7,311.8,GOOD
2026-08-07,21:44:06,6.38,30.8,9.99,5.55,348.4,537.6,MODERATE
2026-08-07,22:45:57,5.0,30.9,57.8,1.41,1167.4,2190.1,POOR
2026-08-07,23:37:36,6.33,24.4,12.92,5.01,415.2,750.0,MODERATE
2026-08-08,00:26:21,6.85,21.0,4.79,6.84,188.1,292.4,GOOD
2026-08-08,01:37:45,8.65,24.9,12.4,4.41,550.0,936.0,MODERATE
2026-08-08,02:32:33,10.12,32.2,42.46,1.71,646.4,1379.5,POOR
2026-08-08,03:10:37,7.11,25.6,1.25,6.87,227.4,356.0,GOOD
2026-08-08,04:18:21,9.53,28.4,47.75,1.53,1200.9,2285.8,POOR
2026-08-08,04:54:32,6.28,27.5,9.54,4.84,540.4,962.3,MODERATE
2026-08-08,05:45:49,6.34,28.6,11.85,5.47,549.6,954.9,MODERATE
2026-08-08,06:50:43,6.37,28.5,9.1,4.23,426.8,653.6,MODERATE
2026-08-08,07:52:46,9.53,34.0,22.64,2.11,1334.1,2614.1,POOR
2026-08-08,08:39:15,7.28,21.1,4.1,8.69,235.7,418.4,GOOD
2026-08-08,09:32:57,7.47,25.5,4.54,7.78,236.2,342.9,GOOD
2026-08-08,10:26:32,8.79,27.0,5.58,6.19,350.7,639.2,MODERATE
2026-08-08,11:28:39,7.03,25.4,2.34,8.03,151.6,225.0,GOOD
2026-08-08,12:12:42,7.8,22.0,3.4,7.35,269.2,377.7,GOOD
2026-08-08,13:11:56,5.78,31.1,20.89,3.03,1233.7,2353.4,POOR
2026-08-08,14:03:05,7.34,24.2,2.28,7.36,212.0,311.7,GOOD
2026-08-08,14:51:46,7.35,21.9,2.27,7.25,228.2,366.3,GOOD
2026-08-08,15:40:53,5.73,29.6,25.67,1.26,712.4,1307.1,POOR
2026-08-08,16:51:18,10.31,31.1,60.33,2.93,918.1,1964.2,POOR
2026-08-08,17:45:01,7.17,21.6,3.71,8.26,244.9,412.5,GOOD
2026-08-08,18:23:31,7.76,23.6,2.51,7.92,205.8,308.8,GOOD
2026-08-08,19:35:39,9.52,34.0,46.05,1.66,1248.8,2231.9,POOR
2026-08-08,20:25:00,7.49,24.5,4.45,7.49,158.7,231.3,GOOD
2026-08-08,21:16:07,7.48,21.2,4.31,6.77,171.4,241.9,GOOD
2026-08-08,22:10:25,7.66,23.5,3.59,7.59,237.4,397.7,GOOD
2026-08-08,23:12:30,7.22,24.4,1.52,7.73,198.0,324.5,GOOD
2026-08-08,23:55:19,7.29,20.6,1.6,7.33,153.4,262.2,GOOD
2026-08-09,00:48:08,7.19,21.8,4.03,7.74,277.8,418.5,GOOD
2026-08-09,01:50:50,6.23,28.1,10.81,5.29,574.5,910.9,MODERATE
2026-08-09,02:40:28,8.09,22.0,1.44,8.67,153.5,254.2,GOOD
2026-08-09,03:45:20,7.37,22.0,2.67,7.7,279.8,406.2,GOOD
2026-08-09,04:30:15,7.25,18.7,3.04,6.98,207.9,298.8,GOOD
2026-08-09,05:26:19,5.68,32.0,28.16,3.2,816.9,1445.3,POOR
2026-08-09,06:26:35,7.18,22.2,4.17,7.64,165.2,251.3,GOOD
2026-08-09,07:11:43,7.83,24.2,1.83,7.62,131.2,210.5,GOOD
2026-08-09,08:09:14,7.46,19.8,2.38,7.66,236.3,356.0,GOOD
2026-08-09,09:06:29,7.49,20.1,3.52,7.64,149.4,215.6,GOOD
2026-08-09,09:59:55,6.22,28.7,13.8,5.48,489.5,818.1,MODERATE
2026-08-09,10:47:42,7.17,19.5,4.62,7.08,169.8,248.8,GOOD
2026-08-09,11:50:49,7.72,21.8,3.88,7.99,261.5,470.6,GOOD
2026-08-09,12:27:33,7.29,20.2,1.67,8.36,229.7,408.3,GOOD
2026-08-09,13:17:14,7.23,22.2,2.87,6.78,272.0,473.6,GOOD
2026-08-09,14:12:22,7.85,20.9,4.75,8.65,188.2,267.2,GOOD
2026-08-09,15:17:13,7.09,23.3,1.49,6.74,189.5,290.6,GOOD
2026-08-09,16:14:49,7.03,23.7,4.61,8.31,153.4,266.3,GOOD
2026-08-09,17:12:27,6.11,28.0,6.16,5.43,343.9,516.4,MODERATE
2026-08-09,17:52:36,7.48,23.6,3.75,6.84,241.0,413.8,GOOD
2026-08-09,18:50:21,7.56,19.1,4.22,7.93,211.2,367.0,GOOD
2026-08-09,19:49:23,7.03,20.5,1.43,6.98,230.9,354.7,GOOD
2026-08-09,20:42:53,7.4,21.8,2.05,8.07,244.7,434.4,GOOD
2026-08-09,21:37:49,7.54,19.6,1.34,8.34,194.5,346.8,GOOD
2026-08-09,22:25:29,6.33,26.5,10.92,5.65,479.4,856.6,MODERATE
2026-08-09,23:29:16,6.31,29.5,14.32,4.8,526.9,916.8,MODERATE
2026-08-10,00:03:47,6.88,20.3,2.71,7.58,134.6,240.7,GOOD
2026-08-10,01:21:15,10.02,28.5,51.71,3.32,1332.5,2704.2,POOR
2026-08-10,01:57:17,6.32,27.0,5.51,4.98,506.6,778.0,MODERATE
2026-08-10,02:52:05,7.67,19.8,1.6,7.43,182.4,318.9,GOOD
2026-08-10,03:44:25,7.55,22.0,3.71,6.92,129.1,227.7,GOOD
2026-08-10,04:46:39,7.53,20.3,3.79,7.01,137.7,201.3,GOOD
2026-08-10,05:32:35,6.87,20.5,2.99,8.75,129.8,233.4,GOOD
2026-08-10,06:37:23,7.17,22.2,1.43,7.73,184.2,309.3,GOOD
2026-08-10,07:30:17,7.42,22.4,3.83,7.9,193.0,273.7,GOOD
2026-08-10,08:23:35,6.36,27.5,6.05,5.54,364.4,550.0,MODERATE
2026-08-10,09:24:24,7.0,23.9,3.51,8.12,247.8,356.9,GOOD
2026-08-10,10:04:45,6.39,28.9,12.01,5.84,451.8,776.1,MODERATE
2026-08-10,10:59:51,8.7,29.6,9.63,4.57,573.3,945.4,MODERATE
2026-08-10,12:01:15,7.65,20.0,3.06,8.51,249.5,372.1,GOOD
2026-08-10,12:47:13,5.21,30.0,44.23,1.62,721.4,1525.3,POOR
2026-08-10,13:53:21,6.81,23.9,2.24,7.38,111.8,170.5,GOOD
2026-08-10,14:28:11,7.52,22.5,1.81,8.01,209.9,340.5,GOOD
2026-08-10,15:34:03,7.01,21.3,3.58,7.44,241.4,338.4,GOOD
2026-08-10,16:28:29,7.07,24.3,1.73,7.03,211.0,326.0,GOOD
2026-08-10,17:28:29,7.13,20.2,2.9,7.13,245.0,417.6,GOOD
2026-08-10,18:17:42,8.8,30.8,5.61,6.12,576.2,1046.5,MODERATE
2026-08-10,19:15:18,7.53,23.0,1.56,8.44,222.7,365.4,GOOD
2026-08-10,20:09:49,5.32,32.8,53.89,1.88,1403.9,2885.3,POOR
2026-08-10,20:49:59,7.03,24.6,1.36,7.82,195.8,281.7,GOOD
2026-08-10,21:58:52,9.54,33.5,45.21,2.76,699.2,1210.8,POOR
2026-08-10,22:55:44,7.59,21.1,2.94,6.93,111.9,168.7,GOOD
2026-08-10,23:34:32,7.6,21.7,3.71,7.94,225.9,343.0,GOOD
2026-08-11,00:27:40,6.21,24.8,9.22,5.05,477.8,830.8,MODERATE
2026-08-11,01:30:27,8.78,26.2,5.88,4.49,578.4,978.3,MODERATE
2026-08-11,02:32:46,7.14,20.3,3.63,8.22,168.5,280.5,GOOD
2026-08-11,03:22:31,7.49,24.3,3.71,7.64,273.3,384.8,GOOD
2026-08-11,04:20:55,5.15,30.3,26.17,2.63,1435.1,2790.6,POOR
2026-08-11,04:53:29,8.64,30.6,7.13,5.24,369.1,640.7,MODERATE
2026-08-11,06:06:05,7.46,23.4,4.73,6.87,181.5,272.2,GOOD
2026-08-11,06:41:02,8.83,26.9,10.42,4.37,440.2,703.0,MODERATE
2026-08-11,07:51:33,6.35,30.5,14.1,5.74,459.5,809.5,MODERATE
2026-08-11,08:40:44,6.16,25.1,9.45,6.03,353.2,667.4,MODERATE
2026-08-11,09:31:08,7.53,23.5,2.18,6.79,251.9,433.7,GOOD
2026-08-11,10:21:14,7.9,22.4,1.56,8.03,204.3,288.6,GOOD
2026-08-11,11:18:43,7.71,24.9,1.99,7.11,129.2,223.9,GOOD
2026-08-11,12:13:24,7.78,22.6,1.4,7.07,158.6,227.5,GOOD
2026-08-11,12:58:42,7.21,25.9,3.75,8.28,231.2,330.1,GOOD
2026-08-11,14:01:52,7.2,26.4,3.4,7.07,133.7,192.3,GOOD
2026-08-11,14:54:40,7.44,23.3,3.48,8.26,139.8,220.7,GOOD
2026-08-11,15:54:29,7.49,21.5,1.59,6.78,195.6,335.5,GOOD
2026-08-11,16:47:22,9.15,34.2,27.09,3.11,1199.2,2242.7,POOR
2026-08-11,17:51:00,7.23,21.9,4.72,7.9,270.7,468.2,GOOD
2026-08-11,18:37:48,6.17,27.7,10.38,4.97,479.0,862.0,MODERATE
2026-08-11,19:24:28,4.55,28.9,53.79,2.54,1279.1,2449.8,POOR
2026-08-11,20:30:09,7.96,25.7,3.26,7.42,168.1,266.2,GOOD
2026-08-11,21:18:01,7.31,25.8,4.04,6.86,143.4,224.1,GOOD
2026-08-11,22:20:29,7.36,26.3,4.78,6.62,258.0,388.1,GOOD
2026-08-11,23:06:06,7.92,24.0,1.61,8.16,167.7,253.6,GOOD
2026-08-11,23:59:23,8.07,25.8,3.34,7.95,183.2,283.4,GOOD
2026-08-12,00:53:55,7.37,23.6,4.38,7.63,247.0,351.6,GOOD
2026-08-12,01:52:33,6.17,26.7,6.33,4.31,492.5,925.0,MODERATE
2026-08-12,02:34:11,7.76,24.7,1.25,7.87,197.2,346.5,GOOD
2026-08-12,03:37:58,8.63,24.3,6.32,6.03,352.1,590.4,MODERATE
2026-08-12,04:29:26,8.01,22.7,2.08,8.48,239.7,374.4,GOOD
2026-08-12,05:17:12,7.27,22.6,1.72,8.26,231.8,342.6,GOOD
2026-08-12,06:13:34,9.86,30.6,54.13,2.38,673.8,1403.1,POOR
2026-08-12,07:01:06,7.75,21.9,3.3,7.06,259.3,439.1,GOOD
2026-08-12,08:01:03,7.1,25.2,3.69,7.9,161.3,273.0,GOOD
2026-08-12,08:50:12,9.37,34.9,53.46,2.98,989.8,1745.6,POOR
2026-08-12,09:42:39,7.49,24.7,3.93,7.76,160.4,234.5,GOOD
2026-08-12,10:47:47,7.17,22.1,4.62,7.65,258.9,446.5,GOOD
2026-08-12,11:42:26,7.42,23.0,4.42,7.22,158.0,278.3,GOOD
2026-08-12,12:22:02,6.31,24.6,14.15,5.6,424.8,785.5,MODERATE
2026-08-12,13:31:45,7.25,21.7,4.77,7.21,221.2,312.5,GOOD
2026-08-12,14:14:30,6.11,30.2,7.93,4.68,562.5,1060.1,MODERATE
2026-08-12,15:07:33,7.47,26.7,3.2,6.65,134.0,210.2,GOOD
2026-08-12,16:02:14,9.19,33.0,46.49,2.1,1374.7,2559.6,POOR
2026-08-12,16:58:16,7.05,25.2,3.51,7.35,218.6,336.1,GOOD
2026-08-12,17:58:06,6.89,22.4,3.04,6.72,133.8,230.1,GOOD
2026-08-12,19:03:16,6.31,25.0,12.82,4.23,529.6,856.2,MODERATE
2026-08-12,19:36:54,7.12,24.5,4.77,6.71,133.4,233.1,GOOD
2026-08-12,20:42:05,7.57,23.0,3.99,8.16,215.5,384.1,GOOD
2026-08-12,21:36:21,7.08,21.8,4.43,8.51,208.0,326.9,GOOD
2026-08-12,22:24:43,10.09,28.5,47.42,1.87,1386.9,2410.6,POOR
2026-08-12,23:28:57,8.52,25.5,6.25,5.2,394.3,723.5,MODERATE
2026-08-13,00:22:39,7.19,23.4,1.94,8.2,161.5,227.2,GOOD
2026-08-13,01:09:53,9.46,30.6,46.75,3.16,957.0,2051.8,POOR
2026-08-13,02:10:47,7.59,23.0,1.79,7.68,262.3,385.4,GOOD
2026-08-13,02:49:34,6.26,25.7,7.41,5.4,480.1,812.0,MODERATE
2026-08-13,04:03:30,7.24,24.6,3.28,8.19,263.9,422.0,GOOD
2026-08-13,04:48:35,6.8,23.8,1.8,7.02,262.4,369.0,GOOD
2026-08-13,05:39:39,7.54,21.2,2.45,8.72,213.0,335.9,GOOD
2026-08-13,06:40:52,7.08,24.0,2.69,7.13,142.5,212.3,GOOD
2026-08-13,07:25:12,7.31,25.2,3.82,8.09,147.4,252.2,GOOD
2026-08-13,08:10:23,8.52,25.4,13.15,4.63,474.2,844.5,MODERATE
2026-08-13,09:21:29,6.9,26.7,3.82,7.72,188.0,320.8,GOOD
2026-08-13,10:03:46,6.88,22.3,1.62,7.48,254.3,361.6,GOOD
2026-08-13,11:02:47,6.36,27.3,7.44,5.66,536.8,908.5,MODERATE
2026-08-13,12:07:35,6.24,28.0,8.26,5.72,376.1,623.2,MODERATE
2026-08-13,12:48:32,7.46,24.4,2.38,8.28,201.4,358.5,GOOD
2026-08-13,13:44:10,7.41,25.0,4.0,7.57,164.6,284.8,GOOD
2026-08-13,14:32:03,4.7,32.4,49.93,2.46,1423.5,3066.9,POOR
2026-08-13,15:35:57,7.45,25.9,3.3,8.12,275.2,400.9,GOOD
2026-08-13,16:23:03,7.32,22.9,1.81,6.91,130.6,215.2,GOOD
2026-08-13,17:32:20,7.27,25.6,3.22,8.05,172.8,244.5,GOOD
2026-08-13,18:21:34,7.74,20.9,2.71,7.37,231.5,353.2,GOOD
2026-08-13,18:59:20,7.77,25.0,4.08,7.48,194.7,309.4,GOOD
2026-08-13,19:59:38,7.03,22.4,4.71,8.38,112.4,178.8,GOOD
2026-08-13,20:57:30,7.33,23.2,1.28,7.13,212.6,321.8,GOOD
2026-08-13,21:53:02,8.45,30.6,11.53,4.32,498.2,885.8,MODERATE
2026-08-13,22:50:11,7.38,21.0,3.01,7.1,231.5,394.4,GOOD
2026-08-13,23:40:55,7.79,25.8,1.66,6.6,148.1,235.8,GOOD
2026-08-14,00:44:27,7.93,24.3,4.06,8.15,218.1,308.7,GOOD
2026-08-14,01:26:19,6.96,21.5,2.14,7.15,274.4,407.2,GOOD
2026-08-14,02:29:47,7.7,20.3,2.6,8.62,170.1,274.1,GOOD
2026-08-14,03:24:42,5.8,31.7,43.13,2.6,1125.5,2301.9,POOR
2026-08-14,04:17:48,7.77,24.3,1.76,8.08,118.3,204.3,GOOD
2026-08-14,05:12:36,6.29,30.2,7.86,5.2,415.9,627.9,MODERATE
2026-08-14,06:05:43,7.85,25.1,1.89,8.24,244.7,440.2,GOOD
2026-08-14,06:50:48,7.89,21.9,3.2,6.73,133.4,235.1,GOOD
2026-08-14,07:36:25,7.75,20.2,3.4,7.34,275.0,440.9,GOOD
2026-08-14,08:41:02,7.59,23.0,1.87,7.85,273.2,386.6,GOOD
2026-08-14,09:45:31,5.22,31.0,22.58,2.61,750.7,1648.3,POOR
2026-08-14,10:24:31,7.73,22.7,3.84,6.91,156.7,262.7,GOOD
2026-08-14,11:33:20,7.55,24.2,1.86,7.26,213.1,343.0,GOOD
2026-08-14,12:23:32,8.56,28.6,13.25,4.63,475.4,716.3,MODERATE
2026-08-14,13:10:52,5.44,34.3,45.83,1.55,1339.9,2864.0,POOR
2026-08-14,13:52:49,8.05,21.8,1.49,7.31,255.1,413.1,GOOD
2026-08-14,15:01:15,8.1,19.6,2.86,8.33,153.6,230.3,GOOD
2026-08-14,15:55:15,6.26,27.6,7.4,5.95,449.4,695.8,MODERATE
2026-08-14,16:46:18,6.1,30.0,8.29,5.0,533.6,807.7,MODERATE
2026-08-14,17:33:50,8.4,26.1,6.54,4.93,362.6,601.7,MODERATE
2026-08-14,18:40:19,5.07,32.3,39.93,1.42,933.9,1901.6,POOR
2026-08-14,19:32:55,6.11,30.4,10.53,4.98,431.6,709.2,MODERATE
2026-08-14,20:20:33,7.31,20.2,2.31,8.33,126.8,185.2,GOOD
2026-08-14,21:26:12,7.68,19.5,3.86,7.03,255.9,437.3,GOOD
2026-08-14,22:13:52,7.16,24.5,2.21,8.39,185.0,284.9,GOOD
2026-08-14,22:56:48,8.03,19.9,3.16,7.97,187.3,300.2,GOOD
2026-08-15,00:07:24,7.82,18.9,1.7,8.57,180.5,284.5,GOOD
2026-08-15,00:41:03,6.11,29.6,14.26,6.19,579.8,914.7,MODERATE
2026-08-15,01:42:02,8.59,29.2,7.88,5.37,367.6,583.7,MODERATE
2026-08-15,02:36:14,7.88,22.4,4.16,8.19,189.7,268.9,GOOD
2026-08-15,03:34:03,7.21,22.6,1.96,7.34,189.7,273.3,GOOD
2026-08-15,04:32:45,10.28,28.6,19.52,2.07,1257.3,2410.0,POOR
2026-08-15,05:27:34,5.36,28.6,20.04,2.67,1352.0,2643.0,POOR
2026-08-15,06:20:42,7.67,23.3,3.92,7.44,198.7,338.4,GOOD
2026-08-15,07:19:34,6.95,24.5,2.37,8.37,185.1,296.9,GOOD
2026-08-15,08:14:18,7.89,23.9,3.51,7.36,279.7,400.1,GOOD
2026-08-15,08:59:57,6.97,19.3,3.84,8.31,235.9,417.2,GOOD
2026-08-15,09:58:50,7.06,23.5,4.65,6.84,185.9,333.3,GOOD
2026-08-15,10:54:29,4.63,33.7,55.87,1.26,1163.9,2051.4,POOR
2026-08-15,11:28:17,7.14,20.7,4.78,7.9,147.4,231.8,GOOD
2026-08-15,12:40:34,6.92,24.2,3.88,7.68,132.1,205.9,GOOD
2026-08-15,13:21:23,10.0,33.7,41.33,1.75,714.9,1504.9,POOR
2026-08-15,14:13:22,7.09,22.4,2.51,7.49,110.2,157.2,GOOD
2026-08-15,15:19:16,6.92,23.2,2.53,8.29,171.7,243.3,GOOD
2026-08-15,16:21:04,6.81,19.0,2.6,8.37,111.3,168.2,GOOD
2026-08-15,16:53:34,5.38,29.2,57.87,3.45,708.8,1372.0,POOR
2026-08-15,18:07:33,6.89,21.1,2.95,8.16,198.1,327.5,GOOD
2026-08-15,18:39:49,8.8,26.8,8.0,4.42,350.8,662.9,MODERATE
2026-08-15,19:41:32,6.97,20.9,2.99,7.8,250.7,415.2,GOOD
2026-08-15,20:40:09,7.69,23.4,4.29,8.6,176.3,309.9,GOOD
2026-08-15,21:40:49,7.22,23.1,4.03,6.85,269.1,481.8,GOOD
2026-08-15,22:20:56,9.47,31.4,25.01,1.72,1114.3,2074.7,POOR
2026-08-15,23:23:34,7.43,20.5,3.02,7.69,140.0,228.0,GOOD
2026-08-16,00:16:48,6.79,20.2,2.99,8.0,249.8,375.0,GOOD
2026-08-16,01:08:46,6.84,23.7,4.59,6.87,225.4,322.0,GOOD
2026-08-16,01:53:01,7.62,19.1,3.57,8.49,147.1,233.0,GOOD
2026-08-16,03:01:29,7.49,22.5,3.92,7.17,251.3,443.5,GOOD
2026-08-16,03:40:17,7.16,23.4,4.09,7.81,115.5,182.1,GOOD
2026-08-16,04:46:10,7.2,23.2,3.39,7.8,236.1,357.9,GOOD
2026-08-16,05:41:59,7.66,20.4,4.23,7.71,277.6,468.8,GOOD
2026-08-16,06:32:14,6.86,19.8,4.29,7.07,174.8,283.4,GOOD
2026-08-16,07:21:44,10.49,34.9,19.28,2.95,1346.4,2304.3,POOR
2026-08-16,08:29:27,9.95,33.9,50.73,1.55,1067.2,2028.9,POOR
2026-08-16,09:19:39,6.97,21.6,3.59,7.14,265.1,431.2,GOOD
2026-08-16,10:02:40,9.53,31.4,15.97,3.36,784.5,1554.8,POOR
2026-08-16,10:54:07,7.27,21.4,3.56,7.93,253.2,427.4,GOOD
2026-08-16,11:46:18,7.24,21.3,1.23,7.83,266.3,459.6,GOOD
2026-08-16,12:51:11,7.27,22.3,2.19,7.26,196.3,277.8,GOOD
2026-08-16,13:34:02,9.51,31.1,27.18,3.34,1052.4,2136.1,POOR
2026-08-16,14:41:33,8.81,27.7,8.99,4.81,538.2,882.7,MODERATE
2026-08-16,15:34:58,5.78,33.4,27.11,2.66,1252.5,2393.1,POOR
2026-08-16,16:27:41,6.14,24.0,8.36,5.12,327.3,553.9,MODERATE
2026-08-16,17:12:24,7.29,23.6,4.52,8.17,209.3,331.8,GOOD
2026-08-16,18:04:36,7.01,20.7,4.33,7.6,234.4,336.3,GOOD
2026-08-16,19:05:58,8.8,30.7,5.81,5.52,402.9,683.1,MODERATE
2026-08-16,19:52:11,5.8,29.3,41.85,2.08,950.5,1748.6,POOR
2026-08-16,21:03:00,7.73,23.6,1.2,8.41,157.1,229.5,GOOD
2026-08-16,21:45:20,7.48,25.3,3.38,6.75,158.5,247.3,GOOD
2026-08-16,22:56:33,8.77,24.3,10.17,4.66,373.9,662.4,MODERATE
2026-08-16,23:33:30,6.26,25.3,13.64,5.56,445.1,838.8,MODERATE
2026-08-17,00:41:39,7.48,25.1,2.23,8.43,165.2,242.8,GOOD
2026-08-17,01:38:42,7.31,26.1,1.62,7.31,207.4,305.5,GOOD
2026-08-17,02:17:22,7.8,24.7,2.01,8.18,195.9,293.6,GOOD
2026-08-17,03:22:42,7.28,24.0,1.46,8.54,136.6,221.3,GOOD
2026-08-17,04:00:56,8.01,23.4,4.14,8.02,207.1,339.8,GOOD
2026-08-17,05:10:48,7.11,24.5,1.4,8.57,136.5,215.0,GOOD
2026-08-17,06:02:02,5.24,31.6,15.63,2.42,1201.8,2627.9,POOR
2026-08-17,06:47:58,8.69,25.2,7.4,5.53,342.2,633.4,MODERATE
2026-08-17,07:51:36,4.68,31.5,49.59,3.65,1409.6,2877.3,POOR
2026-08-17,08:31:51,8.86,26.5,5.75,4.28,452.0,796.4,MODERATE
2026-08-17,09:24:51,7.27,21.5,1.57,7.33,204.8,366.4,GOOD
2026-08-17,10:32:00,7.86,23.6,1.81,6.62,237.1,401.9,GOOD
2026-08-17,11:20:18,7.33,26.5,1.49,6.81,193.6,281.2,GOOD
2026-08-17,12:18:27,8.66,27.0,8.63,5.76,330.6,537.5,MODERATE
2026-08-17,13:20:02,7.3,24.7,3.99,7.68,157.4,280.6,GOOD
2026-08-17,13:58:38,10.08,28.5,52.08,1.94,1398.6,2498.9,POOR
2026-08-17,15:07:32,7.46,25.6,1.4,6.68,198.9,312.5,GOOD
2026-08-17,15:54:17,6.13,27.7,9.61,5.41,398.5,756.7,MODERATE
2026-08-17,16:51:16,7.86,26.4,1.93,6.57,228.7,382.9,GOOD
2026-08-17,17:34:47,8.76,27.3,10.7,5.96,448.2,837.2,MODERATE
2026-08-17,18:41:26,8.54,26.8,9.81,5.25,530.3,854.4,MODERATE
2026-08-17,19:16:29,5.27,31.2,33.37,3.44,760.8,1665.9,POOR
2026-08-17,20:17:21,7.98,23.4,3.71,7.49,122.9,183.9,GOOD
2026-08-17,21:24:26,5.48,34.2,34.41,2.42,633.1,1158.1,POOR
2026-08-17,22:14:21,7.78,26.2,2.76,7.33,153.1,236.6,GOOD
2026-08-17,23:12:46,7.15,26.3,3.13,7.9,266.4,463.0,GOOD
2026-08-18,00:05:43,6.19,28.9,11.74,4.95,532.6,883.2,MODERATE
2026-08-18,00:54:10,5.24,33.8,28.73,2.4,879.2,1766.6,POOR
2026-08-18,01:39:09,7.79,22.0,3.07,7.11,273.5,396.9,GOOD
2026-08-18,02:51:15,7.63,23.9,3.11,7.31,190.0,335.6,GOOD
2026-08-18,03:23:16,8.53,25.5,12.52,4.93,412.9,704.1,MODERATE
2026-08-18,04:18:50,6.16,29.9,12.56,4.41,435.0,777.2,MODERATE
2026-08-18,05:12:29,9.24,28.2,25.52,3.5,882.4,1778.1,POOR
2026-08-18,06:22:17,7.69,24.0,2.85,6.91,194.0,308.5,GOOD
2026-08-18,06:59:59,6.91,26.4,4.25,6.9,144.7,212.0,GOOD
2026-08-18,07:53:34,7.42,24.2,2.32,7.4,246.0,385.8,GOOD
2026-08-18,08:50:29,7.45,25.0,1.93,7.84,226.7,354.2,GOOD
2026-08-18,09:45:15,6.96,24.0,1.72,8.18,239.1,340.1,GOOD
2026-08-18,10:45:39,6.95,25.8,2.68,7.04,251.5,429.1,GOOD
2026-08-18,11:35:18,7.5,24.1,3.21,7.65,209.1,305.1,GOOD
2026-08-18,12:44:42,9.73,32.2,56.74,2.47,1266.3,2315.1,POOR
2026-08-18,13:19:08,8.78,26.9,12.22,4.33,551.5,957.3,MODERATE
2026-08-18,14:28:28,7.46,24.7,4.38,7.53,259.8,364.7,GOOD
2026-08-18,15:12:16,6.99,25.6,3.04,7.84,278.0,395.3,GOOD
2026-08-18,16:04:49,10.29,28.4,59.8,3.43,1011.1,1894.3,POOR
2026-08-18,16:52:03,6.14,29.3,12.17,5.59,574.4,980.8,MODERATE
2026-08-18,17:54:31,6.76,26.3,1.69,7.79,255.3,443.4,GOOD
2026-08-18,18:52:35,9.8,34.7,60.84,2.02,1073.9,1882.0,POOR
2026-08-18,19:56:52,6.9,23.4,3.89,6.87,174.1,246.2,GOOD
2026-08-18,20:51:02,7.21,22.3,3.32,7.86,268.3,422.0,GOOD
2026-08-18,21:25:21,7.52,24.9,3.13,8.35,172.0,271.7,GOOD
2026-08-18,22:30:00,8.47,29.4,10.43,4.97,361.7,668.8,MODERATE
2026-08-18,23:25:25,7.26,25.0,3.53,7.99,256.1,437.0,GOOD
2026-08-19,00:04:43,6.11,26.9,8.4,4.3,394.9,640.6,MODERATE
2026-08-19,01:20:28,6.39,30.6,5.96,5.55,330.6,613.7,MODERATE
2026-08-19,02:00:44,7.06,22.3,4.57,7.84,111.4,195.6,GOOD
2026-08-19,03:04:49,7.44,24.6,4.27,7.71,215.9,370.4,GOOD
2026-08-19,03:44:50,8.53,26.3,14.11,4.68,425.6,778.3,MODERATE
2026-08-19,04:53:44,7.74,24.1,4.0,7.42,241.0,429.4,GOOD
2026-08-19,05:29:50,7.0,26.0,1.54,8.41,200.6,337.8,GOOD
2026-08-19,06:27:49,7.37,24.4,4.72,7.55,124.2,223.1,GOOD
2026-08-19,07:20:36,6.31,24.1,13.18,5.07,346.9,591.9,MODERATE
2026-08-19,08:16:48,6.87,24.7,3.52,7.73,193.5,323.3,GOOD
2026-08-19,09:22:15,8.71,26.8,13.55,6.15,359.3,624.6,MODERATE
2026-08-19,10:06:27,7.58,22.2,1.73,7.36,145.6,251.8,GOOD
2026-08-19,11:14:29,6.36,24.2,11.12,5.85,406.5,770.2,MODERATE
2026-08-19,11:59:40,7.12,20.6,3.53,8.14,263.8,447.5,GOOD
2026-08-19,12:41:30,7.81,21.2,1.38,8.39,176.2,296.5,GOOD
2026-08-19,13:53:51,7.2,25.4,1.39,7.3,237.9,345.8,GOOD
2026-08-19,14:36:24,9.67,29.1,25.87,2.62,1108.8,2162.3,POOR
2026-08-19,15:23:42,8.88,25.7,5.71,5.36,499.6,944.1,MODERATE
2026-08-19,16:25:08,8.58,24.4,9.07,5.3,438.8,764.0,MODERATE
2026-08-19,17:30:51,7.95,24.7,3.99,8.29,174.8,297.2,GOOD
2026-08-19,18:08:13,6.99,22.0,2.98,7.39,227.8,383.6,GOOD
2026-08-19,19:00:21,7.49,20.3,3.69,8.64,261.1,432.3,GOOD
2026-08-19,20:02:32,7.06,24.6,2.94,8.42,163.8,292.7,GOOD
2026-08-19,21:00:21,8.41,30.8,9.47,6.01,520.2,881.4,MODERATE
2026-08-19,21:59:15,6.21,30.2,12.86,4.67,533.7,1000.4,MODERATE
2026-08-19,22:36:40,8.04,21.1,4.33,7.08,144.4,253.6,GOOD
2026-08-19,23:46:40,7.61,19.9,4.71,7.19,274.5,453.3,GOOD
2026-08-20,00:42:54,7.8,21.1,2.94,8.32,166.2,273.0,GOOD
2026-08-20,01:31:01,7.76,22.5,1.31,8.52,137.0,221.1,GOOD
2026-08-20,02:11:38,7.51,24.0,2.76,6.81,151.7,256.4,GOOD
2026-08-20,03:07:56,7.88,22.1,3.43,6.7,262.2,414.9,GOOD
2026-08-20,04:11:14,8.63,24.2,12.56,6.16,362.7,676.1,MODERATE
2026-08-20,05:14:18,7.44,20.7,4.07,7.53,226.5,367.7,GOOD
2026-08-20,06:06:50,8.46,25.5,7.81,4.76,511.7,945.8,MODERATE
2026-08-20,07:02:18,6.15,27.5,10.69,5.92,550.4,893.0,MODERATE
2026-08-20,07:52:27,8.8,26.8,12.84,5.47,511.4,815.4,MODERATE
2026-08-20,08:43:47,7.45,21.9,3.66,6.9,264.3,416.4,GOOD
2026-08-20,09:29:57,4.79,34.6,50.01,1.29,1336.0,2827.1,POOR
2026-08-20,10:18:43,7.58,22.4,4.05,6.93,169.4,294.8,GOOD
2026-08-20,11:11:54,8.72,25.8,9.63,5.07,412.9,626.1,MODERATE
2026-08-20,12:14:50,7.79,21.0,3.92,7.66,163.9,290.0,GOOD
2026-08-20,13:21:01,7.91,21.1,4.02,7.79,136.9,233.4,GOOD
2026-08-20,14:03:48,8.55,24.1,9.56,5.34,563.6,856.6,MODERATE
2026-08-20,14:47:25,8.62,29.3,10.14,4.42,412.7,729.8,MODERATE
2026-08-20,16:03:42,7.62,19.0,3.96,6.93,256.5,390.1,GOOD
2026-08-20,16:46:32,7.95,20.3,4.16,7.38,142.6,248.8,GOOD
2026-08-20,17:46:42,7.42,24.0,1.55,8.03,203.3,322.2,GOOD
2026-08-20,18:27:08,8.88,30.0,8.82,5.6,411.1,735.9,MODERATE
2026-08-20,19:16:59,6.14,30.3,8.38,4.65,453.6,695.1,MODERATE
2026-08-20,20:25:39,7.41,18.6,4.76,8.85,128.5,213.1,GOOD
2026-08-20,21:24:15,7.8,23.5,2.85,7.2,142.9,249.0,GOOD
2026-08-20,22:17:20,4.89,32.5,53.17,2.16,637.0,1368.4,POOR
2026-08-20,22:57:09,7.37,24.0,4.61,7.51,166.3,295.8,GOOD
2026-08-21,00:01:17,8.9,24.2,6.35,4.23,371.2,678.0,MODERATE
2026-08-21,00:55:36,6.96,23.2,2.12,7.71,164.0,246.8,GOOD
2026-08-21,01:40:00,7.24,21.2,3.04,7.66,125.5,223.7,GOOD
2026-08-21,02:33:12,7.44,22.8,4.69,7.1,164.0,250.0,GOOD
2026-08-21,03:39:45,10.24,28.2,33.9,3.04,1210.7,2645.9,POOR
2026-08-21,04:20:23,10.41,29.4,39.18,2.63,1255.8,2602.8,POOR
2026-08-21,05:11:34,7.76,21.8,4.21,7.47,156.6,265.6,GOOD
2026-08-21,06:06:48,6.9,23.7,4.31,8.55,244.1,349.4,GOOD
2026-08-21,07:08:20,6.93,22.5,4.58,7.58,165.0,284.9,GOOD
2026-08-21,07:54:14,7.4,19.2,4.53,8.06,150.3,258.4,GOOD
2026-08-21,09:01:05,7.64,22.2,4.01,8.62,169.6,237.6,GOOD
2026-08-21,09:54:42,7.16,20.4,1.25,7.3,235.0,393.2,GOOD
2026-08-21,10:37:51,7.04,23.7,3.94,7.28,193.3,343.7,GOOD
2026-08-21,11:40:46,7.5,22.6,2.89,6.72,214.2,303.2,GOOD
2026-08-21,12:35:53,7.17,21.8,4.46,6.72,128.2,199.4,GOOD
2026-08-21,13:36:25,6.99,23.6,1.97,8.44,131.2,228.3,GOOD
2026-08-21,14:16:19,7.45,23.9,4.39,7.24,224.8,339.5,GOOD
2026-08-21,15:20:30,7.7,19.6,2.38,7.65,258.7,429.7,GOOD
2026-08-21,16:20:26,7.63,21.1,1.47,7.81,247.2,358.2,GOOD
2026-08-21,17:14:47,6.79,19.8,4.78,7.07,178.9,321.1,GOOD
2026-08-21,17:47:34,9.45,29.8,46.37,1.21,1313.8,2880.8,POOR
2026-08-21,19:01:36,7.61,21.3,2.05,8.53,249.3,376.0,GOOD
2026-08-21,19:35:10,7.56,19.7,3.53,8.77,217.5,348.0,GOOD
2026-08-21,20:38:14,8.72,27.8,9.47,5.4,372.3,577.4,MODERATE
2026-08-21,21:38:15,7.34,22.3,4.45,6.72,182.1,316.0,GOOD
2026-08-21,22:38:13,7.31,21.6,2.4,7.3,114.2,176.1,GOOD
2026-08-21,23:15:40,6.31,29.0,7.63,4.74,402.3,698.2,MODERATE
2026-08-22,00:12:38,6.32,25.1,6.71,5.7,371.6,649.9,MODERATE
2026-08-22,01:18:35,8.48,26.5,9.31,5.54,356.7,616.6,MODERATE
2026-08-22,01:55:14,7.74,20.6,4.8,7.03,120.2,204.6,GOOD
2026-08-22,03:07:55,7.19,24.9,4.71,7.42,145.7,239.8,GOOD
2026-08-22,03:54:01,6.81,24.5,1.62,7.95,125.4,185.7,GOOD
2026-08-22,04:55:40,6.89,22.3,1.77,8.03,219.9,373.7,GOOD
2026-08-22,05:33:32,7.38,20.0,2.96,6.96,244.8,379.6,GOOD
2026-08-22,06:45:31,7.52,21.4,1.38,7.72,148.7,210.7,GOOD
2026-08-22,07:20:38,7.7,23.6,3.92,7.34,276.4,413.4,GOOD
2026-08-22,08:18:15,8.63,29.8,12.51,4.95,333.9,509.0,MODERATE
2026-08-22,09:24:35,7.19,25.4,1.72,7.68,176.9,275.1,GOOD
2026-08-22,10:01:12,7.08,22.7,4.51,7.5,142.1,211.0,GOOD
2026-08-22,10:54:16,6.14,30.5,6.08,4.91,555.0,960.8,MODERATE
2026-08-22,11:51:00,7.87,23.7,4.3,8.43,249.2,413.9,GOOD
2026-08-22,12:51:09,8.73,29.0,9.72,6.18,455.5,773.7,MODERATE
2026-08-22,13:42:35,10.06,30.4,29.49,1.47,707.6,1388.0,POOR
2026-08-22,14:42:36,7.56,25.3,2.03,7.66,160.0,247.1,GOOD
2026-08-22,15:28:30,5.07,31.1,35.36,2.59,779.7,1504.8,POOR
2026-08-22,16:30:33,7.17,25.4,2.49,7.78,147.6,236.7,GOOD
2026-08-22,17:10:12,7.03,23.7,4.12,8.33,237.0,417.0,GOOD
2026-08-22,18:22:53,7.67,22.1,1.32,8.28,110.3,166.9,GOOD
2026-08-22,19:13:56,7.73,21.2,2.3,8.34,279.8,451.6,GOOD
2026-08-22,19:57:25,8.01,21.0,4.49,7.57,266.9,374.2,GOOD
2026-08-22,21:05:33,7.46,21.8,2.39,7.37,221.0,396.2,GOOD
2026-08-22,21:56:19,9.56,30.0,52.91,2.57,639.6,1222.4,POOR
2026-08-22,22:47:19,5.9,34.3,43.55,1.96,1278.0,2699.1,POOR
2026-08-22,23:48:13,7.44,24.8,2.69,7.14,271.7,417.1,GOOD
2026-08-23,00:33:00,7.54,23.7,3.86,8.12,258.8,439.0,GOOD
2026-08-23,01:22:16,7.67,24.3,2.09,7.85,219.3,365.2,GOOD
2026-08-23,02:24:22,7.61,21.7,2.3,6.95,228.0,366.6,GOOD
2026-08-23,03:19:37,8.69,28.3,14.21,4.3,481.3,803.2,MODERATE
2026-08-23,04:15:49,7.63,22.6,4.3,6.73,181.2,288.7,GOOD
2026-08-23,04:56:55,8.53,26.2,10.78,6.13,464.4,836.9,MODERATE
2026-08-23,06:03:36,7.4,24.6,1.83,6.73,244.0,366.7,GOOD
2026-08-23,06:42:41,7.23,22.2,2.04,6.97,182.0,258.3,GOOD
2026-08-23,07:42:46,8.07,23.4,1.24,8.21,154.4,272.0,GOOD
2026-08-23,08:30:00,8.02,22.6,1.69,7.32,229.2,388.4,GOOD
2026-08-23,09:39:00,5.74,31.9,58.26,3.13,1048.3,1954.9,POOR
2026-08-23,10:38:35,7.87,22.3,2.96,7.64,189.3,314.7,GOOD
2026-08-23,11:09:52,9.75,30.2,40.49,1.89,984.5,1734.9,POOR
2026-08-23,12:13:12,7.44,25.8,1.82,7.41,185.2,307.2,GOOD
2026-08-23,13:18:46,8.47,27.6,12.19,5.23,496.9,853.9,MODERATE
2026-08-23,14:14:03,7.67,26.6,4.01,7.91,182.5,258.1,GOOD
2026-08-23,15:09:34,8.87,27.7,14.38,4.55,436.8,739.7,MODERATE
2026-08-23,16:03:27,6.17,24.7,9.19,6.07,398.9,602.9,MODERATE
2026-08-23,16:54:52,6.99,23.1,2.37,7.79,115.5,172.6,GOOD
2026-08-23,17:37:58,7.78,22.9,1.59,7.62,237.9,425.5,GOOD
2026-08-23,18:38:17,7.11,26.1,3.95,6.64,179.9,318.3,GOOD
2026-08-23,19:16:54,7.2,27.4,1.28,7.21,158.8,275.6,GOOD
2026-08-23,20:24:56,7.89,24.0,4.48,6.8,239.9,345.9,GOOD
2026-08-23,21:18:58,6.95,25.8,4.18,6.51,182.9,305.1,GOOD
2026-08-23,22:05:25,7.57,22.0,2.08,6.87,221.7,398.5,GOOD
2026-08-23,22:57:06,7.0,26.0,3.01,7.93,166.4,252.8,GOOD
2026-08-23,23:53:47,7.17,22.8,3.54,7.83,134.9,193.7,GOOD
2026-08-24,00:51:58,6.95,23.2,2.93,7.4,238.6,391.7,GOOD
2026-08-24,01:40:55,9.15,33.5,55.0,3.75,1183.6,2326.0,POOR
2026-08-24,02:47:09,6.98,21.6,2.14,8.14,135.0,195.5,GOOD
2026-08-24,03:26:10,4.53,31.1,39.69,2.7,1402.5,2529.8,POOR
2026-08-24,04:22:19,7.71,23.2,2.41,7.5,130.0,183.3,GOOD
2026-08-24,05:20:36,7.37,24.2,3.81,6.99,268.9,442.7,GOOD
2026-08-24,06:24:33,7.12,21.6,2.4,7.72,150.9,232.8,GOOD
2026-08-24,07:05:35,8.64,25.0,13.32,4.84,412.1,720.8,MODERATE
2026-08-24,07:58:46,7.59,22.3,1.76,8.11,276.4,403.6,GOOD
2026-08-24,09:05:22,5.46,32.9,19.29,1.72,906.6,1959.7,POOR
2026-08-24,09:53:30,7.66,26.5,2.14,8.25,211.1,295.6,GOOD
2026-08-24,10:42:52,7.19,23.5,4.59,7.16,170.8,264.5,GOOD
2026-08-24,11:36:36,7.11,24.5,1.29,6.71,150.4,227.0,GOOD
2026-08-24,12:42:41,7.4,22.2,4.29,8.21,181.4,254.0,GOOD
2026-08-24,13:32:19,8.7,28.0,5.54,4.5,542.0,855.6,MODERATE
2026-08-24,14:11:43,7.36,22.4,2.89,8.41,184.0,307.9,GOOD
2026-08-24,15:03:49,6.89,23.3,2.39,8.23,279.2,420.3,GOOD
2026-08-24,16:07:30,7.42,23.1,2.36,7.88,203.5,352.8,GOOD
2026-08-24,17:11:42,6.19,30.3,10.03,4.7,322.6,610.0,MODERATE
2026-08-24,18:01:19,7.27,26.6,1.88,7.15,152.9,222.8,GOOD
2026-08-24,18:52:54,6.27,28.2,12.72,5.18,402.8,668.1,MODERATE
2026-08-24,19:52:02,4.56,34.1,28.9,1.37,1282.5,2650.2,POOR
2026-08-24,20:28:24,7.39,21.2,3.34,7.23,217.1,330.2,GOOD
2026-08-24,21:33:21,5.0,32.5,38.13,3.21,967.7,2037.0,POOR
2026-08-24,22:30:41,6.91,20.6,1.33,7.11,180.2,324.3,GOOD
2026-08-24,23:18:42,9.43,34.0,59.17,2.73,1346.2,2776.4,POOR
2026-08-25,00:18:23,7.03,21.9,4.4,7.9,237.9,341.2,GOOD
2026-08-25,01:00:48,8.56,29.9,8.15,4.42,406.2,706.2,MODERATE
2026-08-25,02:03:07,7.52,25.6,1.25,8.08,271.6,463.0,GOOD
2026-08-25,02:57:01,8.76,27.8,11.21,5.44,526.2,943.0,MODERATE
2026-08-25,03:46:40,6.92,20.8,3.34,8.54,210.1,347.9,GOOD
2026-08-25,04:35:37,9.57,29.4,21.37,1.37,697.3,1388.1,POOR
2026-08-25,05:29:38,6.98,25.4,3.97,8.4,229.6,375.1,GOOD
2026-08-25,06:30:29,7.49,23.8,3.29,7.61,247.4,423.3,GOOD
2026-08-25,07:27:46,8.67,27.8,11.83,5.92,497.2,900.2,MODERATE
2026-08-25,08:27:30,8.44,25.9,12.43,5.83,511.7,807.1,MODERATE
2026-08-25,09:21:58,7.37,20.8,4.14,7.88,172.5,308.6,GOOD
2026-08-25,10:09:27,7.31,20.1,3.21,8.79,219.1,365.1,GOOD
2026-08-25,11:06:52,9.15,28.1,19.1,3.6,1344.8,2854.1,POOR
2026-08-25,11:49:25,7.63,21.1,2.67,8.28,244.3,356.7,GOOD
2026-08-25,12:58:16,8.65,24.2,12.42,4.85,573.8,1033.3,MODERATE
2026-08-25,13:54:01,6.32,25.5,7.76,6.18,503.1,770.7,MODERATE
2026-08-25,14:40:02,7.16,20.6,1.46,6.9,145.7,221.5,GOOD
2026-08-25,15:38:49,7.06,20.0,2.04,7.35,134.1,231.2,GOOD
2026-08-25,16:17:26,8.66,24.8,5.87,6.08,524.2,921.5,MODERATE
2026-08-25,17:30:47,9.25,32.2,42.72,2.4,819.9,1563.7,POOR
2026-08-25,18:25:06,7.94,21.3,4.78,8.66,190.3,282.2,GOOD
2026-08-25,19:15:39,7.61,20.6,4.21,8.35,248.7,354.2,GOOD
2026-08-25,20:05:15,7.15,19.6,4.58,7.84,243.9,357.0,GOOD
2026-08-25,20:46:24,7.23,21.5,4.27,7.03,178.9,298.5,GOOD
2026-08-25,22:02:15,7.2,23.5,4.64,6.86,271.9,424.9,GOOD
2026-08-25,22:35:12,8.07,20.4,2.65,7.43,245.2,378.3,GOOD
2026-08-25,23:43:28,5.17,34.6,48.16,2.26,796.0,1567.1,POOR
2026-08-26,00:35:35,7.88,22.4,3.74,7.6,148.7,245.3,GOOD
2026-08-26,01:23:22,8.76,27.0,9.67,4.5,480.2,802.5,MODERATE
2026-08-26,02:14:16,8.7,27.9,5.66,5.19,545.4,825.2,MODERATE
2026-08-26,03:06:22,6.21,29.8,12.46,4.87,481.4,750.9,MODERATE
2026-08-26,04:17:14,7.79,21.2,2.86,7.16,150.3,262.6,GOOD
2026-08-26,05:07:25,8.04,21.3,4.6,7.74,189.3,299.8,GOOD
2026-08-26,05:59:35,8.01,22.3,3.01,7.95,245.4,388.5,GOOD
2026-08-26,06:51:05,8.03,20.9,3.76,7.41,214.3,369.0,GOOD
2026-08-26,07:54:26,4.86,32.0,44.79,1.27,1383.2,2410.7,POOR
2026-08-26,08:39:31,8.46,26.1,11.92,5.85,460.0,791.5,MODERATE
2026-08-26,09:35:22,7.11,23.2,2.23,6.65,139.2,224.0,GOOD
2026-08-26,10:23:49,7.63,24.3,1.49,6.84,163.8,229.4,GOOD
2026-08-26,11:10:28,7.88,23.6,3.87,7.67,159.3,244.9,GOOD
2026-08-26,12:24:13,7.9,20.5,1.83,7.61,208.7,310.9,GOOD
2026-08-26,13:11:27,6.13,25.7,5.73,5.24,349.0,524.8,MODERATE
2026-08-26,14:08:41,7.12,22.8,3.13,7.76,233.4,416.1,GOOD
2026-08-26,15:06:28,7.05,19.9,4.57,6.96,142.3,206.2,GOOD
2026-08-26,16:03:21,7.17,21.8,2.9,6.93,174.1,257.9,GOOD
2026-08-26,16:35:42,7.85,22.0,3.76,6.79,194.6,347.9,GOOD
2026-08-26,17:34:24,7.28,24.4,4.14,7.72,124.2,180.2,GOOD
2026-08-26,18:42:37,6.92,20.2,3.69,8.3,269.0,399.1,GOOD
2026-08-26,19:20:53,7.61,20.9,1.9,7.38,185.8,325.2,GOOD
2026-08-26,20:26:13,8.68,27.1,7.9,4.69,570.0,975.0,MODERATE
2026-08-26,21:10:52,6.8,23.7,2.24,7.6,118.3,189.8,GOOD
2026-08-26,22:18:58,8.63,26.6,8.37,5.96,490.2,823.0,MODERATE
2026-08-26,22:53:52,10.41,30.4,30.32,3.05,809.6,1454.0,POOR
2026-08-26,23:49:26,7.46,18.8,1.66,8.35,195.3,290.9,GOOD
2026-08-27,00:42:32,10.45,29.5,47.88,2.1,926.1,1624.7,POOR
2026-08-27,01:53:53,6.28,30.7,8.25,5.9,545.7,951.1,MODERATE
2026-08-27,02:45:18,7.57,22.7,4.49,8.61,271.3,459.7,GOOD
2026-08-27,03:28:12,8.41,24.8,11.25,5.31,455.4,766.1,MODERATE
2026-08-27,04:22:32,7.57,20.7,4.67,7.01,132.7,222.3,GOOD
2026-08-27,05:15:32,6.98,21.1,1.58,8.5,127.4,219.0,GOOD
2026-08-27,06:10:49,7.49,24.4,3.8,8.54,192.2,285.7,GOOD
2026-08-27,07:20:08,7.68,21.8,2.61,8.1,153.0,260.7,GOOD
2026-08-27,08:15:03,7.52,20.0,3.88,8.36,125.4,177.4,GOOD
2026-08-27,09:03:04,7.38,23.3,2.96,7.11,242.1,402.6,GOOD
2026-08-27,09:42:53,4.72,30.8,60.0,3.14,788.2,1662.7,POOR
2026-08-27,10:49:04,6.36,28.8,11.27,4.84,478.0,737.8,MODERATE
2026-08-27,11:45:23,7.14,22.0,2.88,6.78,203.3,336.4,GOOD
2026-08-27,12:26:20,8.47,28.3,10.59,4.2,489.0,849.7,MODERATE
2026-08-27,13:34:35,7.11,21.2,2.78,7.51,153.3,220.3,GOOD
2026-08-27,14:33:04,7.17,24.2,2.23,6.9,181.8,258.2,GOOD
2026-08-27,15:05:38,7.43,23.6,2.25,8.54,147.2,236.0,GOOD
2026-08-27,16:18:34,8.41,25.9,6.7,6.08,364.6,614.1,MODERATE
2026-08-27,17:06:52,9.52,33.5,60.9,2.71,804.2,1469.2,POOR
2026-08-27,17:53:56,7.05,20.4,1.5,7.26,115.4,185.7,GOOD
2026-08-27,19:02:36,7.24,23.4,3.91,7.24,262.7,449.8,GOOD
2026-08-27,19:50:41,10.01,30.2,40.69,2.09,846.2,1470.5,POOR
2026-08-27,20:35:08,7.34,22.8,2.52,7.24,239.5,380.1,GOOD
2026-08-27,21:42:03,7.52,23.3,2.2,6.79,169.1,278.9,GOOD
2026-08-27,22:34:25,7.16,25.6,4.27,8.23,265.6,413.9,GOOD
2026-08-27,23:18:08,9.21,29.1,27.98,1.64,1297.4,2737.4,POOR
2026-08-28,00:13:55,7.11,23.2,2.38,8.32,152.6,229.0,GOOD
2026-08-28,01:08:59,8.6,28.0,7.22,4.52,567.2,952.7,MODERATE
2026-08-28,02:09:37,7.79,25.0,3.17,6.83,133.2,194.6,GOOD
2026-08-28,03:06:13,7.79,20.4,1.31,8.09,151.6,229.8,GOOD
2026-08-28,04:02:16,7.25,23.1,3.95,7.32,198.2,290.2,GOOD
2026-08-28,04:51:01,7.03,22.5,2.01,7.65,135.9,231.0,GOOD
2026-08-28,05:33:34,8.76,27.5,6.74,6.19,447.6,794.7,MODERATE
2026-08-28,06:26:16,7.37,22.7,2.11,7.09,279.8,457.2,GOOD
2026-08-28,07:22:25,4.76,31.5,31.4,3.25,1326.8,2608.6,POOR
2026-08-28,08:32:16,7.46,21.2,2.7,7.13,164.4,250.5,GOOD
2026-08-28,09:19:20,10.21,30.5,17.89,3.32,758.1,1539.0,POOR
2026-08-28,09:58:59,8.0,21.1,2.09,8.34,231.3,391.6,GOOD
2026-08-28,11:15:05,9.31,33.6,62.5,3.2,850.3,1670.7,POOR
2026-08-28,12:02:04,7.43,22.7,3.78,8.56,212.7,381.6,GOOD
2026-08-28,12:49:54,7.53,22.3,1.58,6.88,219.9,356.7,GOOD
2026-08-28,13:57:01,10.3,28.2,57.56,2.88,772.4,1627.3,POOR
2026-08-28,14:39:14,7.85,25.3,2.75,8.12,170.5,289.7,GOOD
2026-08-28,15:43:02,6.27,29.4,6.75,5.39,512.2,916.5,MODERATE
2026-08-28,16:26:12,7.33,26.3,3.2,8.37,248.8,352.2,GOOD
2026-08-28,17:20:51,7.94,25.9,1.3,7.47,265.4,420.1,GOOD
2026-08-28,18:12:30,7.92,26.3,4.52,8.17,275.9,406.5,GOOD
2026-08-28,19:10:58,7.92,21.3,2.81,8.7,250.1,379.5,GOOD
2026-08-28,20:07:10,6.17,30.8,13.34,5.61,554.6,864.5,MODERATE
2026-08-28,21:00:05,7.95,26.3,4.02,7.58,263.9,418.7,GOOD
2026-08-28,21:51:57,7.81,25.9,3.29,7.51,165.4,239.0,GOOD
2026-08-28,22:52:09,7.21,24.3,3.38,7.19,251.8,424.2,GOOD
2026-08-28,23:38:12,7.62,24.2,3.1,8.55,215.2,358.4,GOOD
2026-08-29,00:25:33,7.52,25.3,1.97,7.72,125.6,183.5,GOOD
2026-08-29,01:25:38,7.8,24.1,2.41,7.53,137.0,230.5,GOOD
2026-08-29,02:12:15,8.9,28.6,12.07,5.23,502.2,892.1,MODERATE
2026-08-29,03:18:48,8.53,27.0,9.8,4.57,492.7,833.8,MODERATE
2026-08-29,04:01:36,10.17,28.9,38.98,2.07,1383.1,2362.7,POOR
2026-08-29,05:07:24,7.94,27.4,1.66,8.14,215.2,369.5,GOOD
2026-08-29,06:03:49,7.34,24.9,4.76,8.0,141.3,227.2,GOOD
2026-08-29,06:45:28,8.84,30.8,11.09,5.97,461.5,818.2,MODERATE
2026-08-29,07:39:10,7.95,24.9,3.06,8.31,164.3,239.3,GOOD
2026-08-29,08:28:19,7.08,25.7,2.5,6.94,198.5,288.3,GOOD
2026-08-29,09:27:31,8.89,30.6,9.99,5.35,383.9,713.9,MODERATE
2026-08-29,10:29:18,8.41,28.7,8.17,4.75,432.1,708.2,MODERATE
2026-08-29,11:16:53,4.51,31.0,60.9,1.54,903.6,1797.6,POOR
2026-08-29,12:11:27,7.17,21.6,2.69,7.64,200.2,340.4,GOOD
2026-08-29,13:02:46,8.9,30.4,7.91,5.34,440.8,711.8,MODERATE
2026-08-29,14:03:08,7.65,27.0,3.24,8.23,194.4,309.1,GOOD
2026-08-29,14:52:14,7.09,23.3,3.92,7.53,111.2,157.6,GOOD
2026-08-29,15:51:52,6.27,28.5,11.18,4.38,505.3,873.1,MODERATE
2026-08-29,16:53:32,7.5,22.5,3.34,7.34,161.7,236.0,GOOD
2026-08-29,17:32:37,7.75,26.0,4.51,7.23,132.4,188.0,GOOD
2026-08-29,18:43:37,8.42,25.6,14.34,4.81,373.6,640.2,MODERATE
2026-08-29,19:26:37,7.33,25.2,2.85,7.89,117.4,193.9,GOOD
2026-08-29,20:10:14,8.88,25.3,11.19,5.24,549.8,857.4,MODERATE
2026-08-29,21:20:57,6.98,26.5,4.15,7.41,143.7,226.9,GOOD
2026-08-29,22:08:35,7.33,22.0,3.71,7.05,236.8,338.0,GOOD
2026-08-29,23:00:53,7.67,25.1,3.13,7.42,124.0,210.1,GOOD
2026-08-30,00:02:01,7.34,26.5,4.79,7.09,261.7,381.8,GOOD
2026-08-30,01:03:01,7.52,27.2,1.2,8.27,161.5,248.4,GOOD
2026-08-30,01:39:44,10.33,34.6,29.86,3.71,930.4,1644.8,POOR
2026-08-30,02:49:00,8.48,24.6,6.73,5.34,484.8,759.9,MODERATE
2026-08-30,03:21:45,6.33,28.4,12.83,4.88,373.7,598.7,MODERATE
2026-08-30,04:18:23,8.63,25.6,9.79,4.5,450.7,737.3,MODERATE
2026-08-30,05:32:06,7.51,23.4,2.73,7.64,181.8,322.5,GOOD
2026-08-30,06:04:16,6.75,23.9,1.79,7.11,122.9,193.6,GOOD
2026-08-30,07:16:15,6.14,30.5,13.49,5.71,345.5,642.3,MODERATE
2026-08-30,07:59:34,7.08,22.2,3.14,6.75,158.1,241.1,GOOD
2026-08-30,08:49:50,5.84,31.3,20.34,3.45,1406.3,2596.9,POOR
2026-08-30,10:01:44,5.02,33.1,51.19,1.63,1303.9,2694.2,POOR
2026-08-30,10:43:18,5.36,31.1,24.14,1.59,972.8,1994.1,POOR
2026-08-30,11:33:47,6.31,24.3,14.22,4.98,543.7,963.1,MODERATE
2026-08-30,12:21:45,7.13,22.3,2.74,6.92,147.9,234.0,GOOD
2026-08-30,13:28:37,7.46,25.3,1.59,7.96,191.2,339.0,GOOD
2026-08-30,14:15:27,7.65,21.0,2.78,8.19,261.2,426.7,GOOD
2026-08-30,15:10:02,5.15,32.9,31.42,2.63,1242.3,2155.1,POOR
2026-08-30,16:11:47,7.56,22.7,4.55,6.73,180.9,259.5,GOOD
2026-08-30,16:55:41,5.18,32.3,41.55,2.88,1437.5,3015.7,POOR
2026-08-30,18:07:15,7.4,26.0,4.28,8.25,119.8,201.9,GOOD
2026-08-30,19:03:05,10.17,29.6,44.21,3.31,761.2,1491.9,POOR
2026-08-30,19:55:41,4.76,33.8,32.47,3.57,1106.2,2262.8,POOR
2026-08-30,20:28:31,6.97,25.2,3.76,6.66,169.1,258.6,GOOD
2026-08-30,21:31:58,6.25,24.7,6.66,5.49,339.0,532.1,MODERATE
2026-08-30,22:20:56,7.75,20.5,3.83,8.56,273.3,484.2,GOOD
2026-08-30,23:24:44,7.66,25.1,1.81,7.47,243.6,380.3,GOOD
2026-08-31,00:23:50,7.5,21.6,4.47,8.72,219.8,331.6,GOOD
2026-08-31,01:01:05,7.68,20.7,3.08,7.2,202.9,289.9,GOOD
2026-08-31,01:54:15,4.98,32.5,51.45,3.29,710.2,1262.9,POOR
2026-08-31,02:53:43,9.61,28.6,33.58,2.8,855.8,1760.1,POOR
2026-08-31,03:53:01,7.88,23.4,1.65,7.11,266.7,424.4,GOOD
2026-08-31,04:40:56,6.32,27.8,14.25,5.24,491.1,769.0,MODERATE
2026-08-31,05:28:00,7.28,20.5,2.02,7.07,220.5,375.6,GOOD
2026-08-31,06:30:10,8.49,26.6,8.46,4.96,518.7,839.6,MODERATE
2026-08-31,07:17:42,7.68,24.9,4.35,7.52,135.9,196.4,GOOD
2026-08-31,08:29:26,7.35,23.6,3.4,7.82,171.5,264.9,GOOD
2026-08-31,09:26:16,6.33,27.7,10.55,5.33,542.3,817.2,MODERATE
2026-08-31,10:03:09,7.88,19.6,1.99,7.64,253.8,413.7,GOOD
2026-08-31,10:56:54,7.46,24.4,3.14,6.8,130.2,224.4,GOOD
2026-08-31,11:48:09,6.37,25.5,10.61,5.4,463.6,751.3,MODERATE
2026-08-31,12:50:31,6.38,30.5,9.94,5.87,441.7,683.0,MODERATE
2026-08-31,13:43:13,7.96,22.3,3.64,7.42,227.7,368.7,GOOD
2026-08-31,14:34:10,7.79,23.6,1.55,8.5,261.4,443.0,GOOD
2026-08-31,15:35:50,8.06,24.1,2.58,6.98,111.8,172.7,GOOD
2026-08-31,16:34:41,8.62,29.7,9.52,4.41,557.9,990.0,MODERATE
2026-08-31,17:22:56,4.7,30.3,38.89,2.8,1194.7,2494.7,POOR
2026-08-31,18:25:31,7.32,21.7,3.67,6.86,211.5,341.3,GOOD
2026-08-31,19:19:17,6.14,27.1,7.76,4.45,534.1,852.6,MODERATE
2026-08-31,20:13:52,8.51,26.6,10.18,5.35,477.4,805.1,MODERATE
2026-08-31,20:57:39,6.28,28.1,12.95,5.24,549.1,911.7,MODERATE
2026-08-31,22:00:20,7.88,24.1,2.67,7.61,169.2,298.9,GOOD
2026-08-31,22:39:46,7.12,22.5,2.75,6.9,278.5,500.8,GOOD
2026-08-31,23:49:25,7.76,21.8,1.99,6.89,144.3,219.5,GOOD
2026-09-01,00:25:11,7.15,19.5,1.21,7.89,122.1,185.0,GOOD
2026-09-01,01:23:47,6.39,30.6,11.01,4.74,457.9,718.5,MODERATE
2026-09-01,02:24:58,8.76,25.6,13.28,5.15,451.5,687.3,MODERATE
2026-09-01,03:07:18,7.57,20.7,2.89,6.84,201.0,336.9,GOOD
2026-09-01,03:58:56,7.09,21.4,1.96,8.06,261.0,376.9,GOOD
2026-09-01,04:54:46,7.49,19.6,1.56,8.23,243.1,378.5,GOOD
2026-09-01,06:02:36,7.79,21.1,4.15,7.21,154.6,247.4,GOOD
2026-09-01,07:01:48,8.75,30.4,12.58,4.57,525.9,853.2,MODERATE
2026-09-01,07:41:10,7.55,24.1,2.93,8.24,116.3,173.7,GOOD
2026-09-01,08:36:30,7.21,18.7,4.65,8.32,178.2,263.0,GOOD
2026-09-01,09:31:17,8.73,30.3,9.94,6.16,460.5,704.2,MODERATE
2026-09-01,10:25:46,7.57,22.1,2.68,7.69,216.9,312.1,GOOD
2026-09-01,11:25:39,7.79,21.3,3.46,8.25,117.7,193.4,GOOD
2026-09-01,12:05:12,7.48,19.5,2.07,8.64,216.1,384.9,GOOD
2026-09-01,13:12:02,7.09,21.4,2.63,8.0,121.7,185.3,GOOD
2026-09-01,13:59:57,5.78,32.3,63.85,2.04,774.6,1408.4,POOR
2026-09-01,14:57:57,7.02,24.0,1.37,6.89,188.1,322.0,GOOD
2026-09-01,15:43:26,6.24,28.6,13.33,5.21,438.6,718.7,MODERATE
2026-09-01,16:37:19,7.16,23.0,1.99,8.42,189.1,322.9,GOOD
2026-09-01,17:31:53,6.89,23.8,1.56,8.5,153.1,255.0,GOOD
2026-09-01,18:38:51,7.03,21.0,3.64,8.06,224.8,360.1,GOOD
2026-09-01,19:38:16,7.12,21.1,1.59,6.82,199.4,324.7,GOOD
2026-09-01,20:28:29,5.18,31.3,30.53,1.22,1260.7,2316.8,POOR
2026-09-01,21:24:36,6.95,21.1,2.59,8.27,236.7,381.6,GOOD
2026-09-01,22:01:52,10.39,33.3,61.66,1.95,1266.3,2754.2,POOR
2026-09-01,22:56:30,7.61,22.2,4.12,8.49,137.9,226.8,GOOD
2026-09-01,23:48:43,8.82,27.2,7.32,5.6,360.2,666.5,MODERATE
2026-09-02,01:03:01,6.72,19.7,3.71,8.76,146.8,243.4,GOOD
2026-09-02,01:36:21,7.09,21.6,4.43,7.52,272.0,463.9,GOOD
2026-09-02,02:33:58,9.78,34.2,28.29,2.89,1321.6,2565.3,POOR
2026-09-02,03:21:57,9.62,30.2,34.74,1.26,1263.8,2683.1,POOR
2026-09-02,04:24:00,6.21,29.7,7.15,5.5,494.3,807.9,MODERATE
2026-09-02,05:24:10,7.28,21.5,3.91,8.42,136.1,236.7,GOOD
2026-09-02,06:11:29,7.47,23.1,3.79,7.53,170.1,238.3,GOOD
2026-09-02,07:12:12,8.57,30.7,14.15,4.57,337.2,594.1,MODERATE
2026-09-02,07:54:55,6.28,25.2,13.42,5.08,517.9,807.1,MODERATE
2026-09-02,08:47:44,7.67,22.2,3.73,8.0,143.5,246.7,GOOD
2026-09-02,10:00:58,6.38,29.5,6.39,5.82,416.1,652.1,MODERATE
2026-09-02,10:51:39,6.98,24.7,3.42,8.2,133.2,222.2,GOOD
